品牌,主題,提及數,提及率%,正面,負面,主題淨情緒
Cama,口味,192,30.0,44,27,23.9
Cama,價格,21,3.28,12,4,50.0
Cama,服務,4,0.62,0,1,
Cama,等待出餐,0,0.0,0,0,
Cama,空間與插座,3,0.47,1,0,
Cama,爭議與抵制,3,0.47,1,1,
丹堤咖啡,口味,16,11.59,7,1,
丹堤咖啡,價格,13,9.42,0,3,
丹堤咖啡,服務,7,5.07,0,1,
丹堤咖啡,等待出餐,1,0.72,0,0,
丹堤咖啡,空間與插座,1,0.72,0,0,
丹堤咖啡,爭議與抵制,10,7.25,2,1,
怡客咖啡,口味,6,13.33,0,1,
怡客咖啡,價格,1,2.22,0,0,
怡客咖啡,服務,2,4.44,0,0,
怡客咖啡,等待出餐,0,0.0,0,0,
怡客咖啡,空間與插座,0,0.0,0,0,
怡客咖啡,爭議與抵制,0,0.0,0,0,
星巴克,口味,587,13.04,94,71,13.9
星巴克,價格,282,6.26,49,69,-16.9
星巴克,服務,82,1.82,4,7,-27.3
星巴克,等待出餐,7,0.16,0,3,
星巴克,空間與插座,75,1.67,8,5,23.1
星巴克,爭議與抵制,22,0.49,1,5,
路易莎,口味,100,6.06,27,26,1.9
路易莎,價格,82,4.97,17,31,-29.2
路易莎,服務,23,1.39,0,1,
路易莎,等待出餐,2,0.12,0,1,
路易莎,空間與插座,25,1.52,2,2,
路易莎,爭議與抵制,114,6.91,2,47,-91.8
