品牌,詞,次數
Cama,豆子,37
Cama,味道,32
Cama,好喝,23
Cama,蜂蜜,20
Cama,喝過,19
Cama,肯亞,18
Cama,檸檬,18
Cama,不錯,16
Cama,咖啡因,14
Cama,不同,12
Cama,烘焙,12
Cama,濃縮,12
Cama,牛奶,12
Cama,可能,11
Cama,現場,10
Cama,喝咖啡,10
Cama,烘豆,10
Cama,品質,10
Cama,卡布,10
Cama,喜歡,10
Cama,咖啡豆,9
Cama,但是,9
Cama,防彈,9
Cama,便宜,9
Cama,還不錯,8
Cama,試試,8
Cama,一般,8
Cama,中央,8
Cama,分店,8
Cama,耶加,8
Cama,單品,8
Cama,店家,8
Cama,中杯,8
Cama,口感,7
Cama,喝完,7
Cama,心悸,7
Cama,美式,7
Cama,一點,6
Cama,店面,6
Cama,莫札特,6
Cama,過敏,6
Cama,價格,5
Cama,文章,5
Cama,需要,5
Cama,推薦,5
Cama,容易,5
Cama,全聯,5
Cama,喝起,5
Cama,最近,5
Cama,口味,5
丹堤咖啡,林鳳營,7
丹堤咖啡,公司,4
丹堤咖啡,餐點,4
丹堤咖啡,好喝,4
丹堤咖啡,不錯,3
丹堤咖啡,提供,3
丹堤咖啡,喜歡,3
丹堤咖啡,發現,3
丹堤咖啡,不行,3
丹堤咖啡,週末,3
丹堤咖啡,乳香,3
丹堤咖啡,世家,3
丹堤咖啡,官網,2
丹堤咖啡,沒賣,2
丹堤咖啡,耶加雪菲,2
丹堤咖啡,喝過,2
丹堤咖啡,口味,2
丹堤咖啡,碰過,2
丹堤咖啡,可能,2
丹堤咖啡,沒去,2
丹堤咖啡,下次,2
丹堤咖啡,路過,2
丹堤咖啡,巧巴達,2
丹堤咖啡,看起,2
丹堤咖啡,東西,2
丹堤咖啡,很棒,2
丹堤咖啡,新品,2
丹堤咖啡,男生,2
丹堤咖啡,朋友,2
丹堤咖啡,有加,2
丹堤咖啡,自從,2
丹堤咖啡,以前,2
丹堤咖啡,這篇,2
丹堤咖啡,公關,2
丹堤咖啡,網誌,2
丹堤咖啡,時間,2
丹堤咖啡,文章,2
丹堤咖啡,免洗,2
丹堤咖啡,一家,2
丹堤咖啡,普到,2
丹堤咖啡,女森,2
丹堤咖啡,飲品,2
丹堤咖啡,台灣,2
丹堤咖啡,賣美國,2
丹堤咖啡,價格,2
丹堤咖啡,品牌,2
丹堤咖啡,價值,2
丹堤咖啡,單身,2
丹堤咖啡,世界,2
丹堤咖啡,店員,2
怡客咖啡,首先,6
怡客咖啡,找到,6
怡客咖啡,咖啡因,2
怡客咖啡,含量,2
怡客咖啡,一年,2
怡客咖啡,品項,2
怡客咖啡,南部,2
怡客咖啡,飲料,1
怡客咖啡,喝過,1
怡客咖啡,一家,1
怡客咖啡,多拿滋,1
怡客咖啡,半杯,1
怡客咖啡,頭就,1
怡客咖啡,超痛,1
怡客咖啡,推一樓,1
怡客咖啡,不期,1
怡客咖啡,記得,1
怡客咖啡,幾個,1
怡客咖啡,新聞,1
怡客咖啡,官方,1
怡客咖啡,單位,1
怡客咖啡,抽驗,1
怡客咖啡,多家,1
怡客咖啡,連鎖店,1
怡客咖啡,最多,1
怡客咖啡,第一名,1
怡客咖啡,商業,1
怡客咖啡,豆中,1
怡客咖啡,可能,1
怡客咖啡,參雜,1
怡客咖啡,兩倍,1
怡客咖啡,私以,1
怡客咖啡,文章,1
怡客咖啡,負的板,1
怡客咖啡,就夠,1
怡客咖啡,轉貼,1
怡客咖啡,過來,1
怡客咖啡,算是,1
怡客咖啡,精品,1
怡客咖啡,好不好,1
怡客咖啡,喝恩,1
怡客咖啡,朋友,1
怡客咖啡,真是,1
怡客咖啡,有口,1
怡客咖啡,許原,1
怡客咖啡,喝點,1
怡客咖啡,該換個,1
怡客咖啡,口味,1
怡客咖啡,換個,1
怡客咖啡,喝喝,1
星巴克,豆子,140
星巴克,台灣,88
星巴克,好喝,83
星巴克,味道,62
星巴克,但是,49
星巴克,喜歡,48
星巴克,杯子,48
星巴克,便宜,45
星巴克,日本,44
星巴克,咖啡豆,43
星巴克,可能,42
星巴克,不同,35
星巴克,出來,34
星巴克,東西,33
星巴克,不錯,33
星巴克,那邊,33
星巴克,喝咖啡,32
星巴克,星冰樂,31
星巴克,一點,30
星巴克,多少,30
星巴克,不好,29
星巴克,起來,27
星巴克,其他,27
星巴克,使用,27
星巴克,牛奶,26
星巴克,當然,26
星巴克,飲料,25
星巴克,門市,25
星巴克,咖啡因,25
星巴克,喝過,25
星巴克,就算,25
星巴克,價格,25
星巴克,精品,24
星巴克,大概,24
星巴克,美式,24
星巴克,插座,24
星巴克,記得,23
星巴克,只要,23
星巴克,建議,23
星巴克,濃縮,23
星巴克,這是,23
星巴克,簽到,23
星巴克,店家,22
星巴克,店員,22
星巴克,時間,22
星巴克,義式,22
星巴克,原來,22
星巴克,兌換,22
星巴克,試試,21
星巴克,以前,21
路易莎,台灣,43
路易莎,味全,28
路易莎,好喝,27
路易莎,高調,25
路易莎,抵制,23
路易莎,政府,21
路易莎,垃圾,20
路易莎,反串,19
路易莎,便宜,18
路易莎,公司,17
路易莎,多少,17
路易莎,露易,16
路易莎,民進,16
路易莎,安心,15
路易莎,好吃,14
路易莎,難怪,14
路易莎,食品,14
路易莎,青鳥,14
路易莎,喝過,13
路易莎,拒喝,13
路易莎,卜蜂,13
路易莎,還好,11
路易莎,品牌,11
路易莎,蓋牌,11
路易莎,毒油,11
路易莎,豆子,10
路易莎,而已,10
路易莎,還在,10
路易莎,正常,10
路易莎,乾淨,10
路易莎,喜歡,9
路易莎,成本,9
路易莎,品質,9
路易莎,飲料,9
路易莎,店家,9
路易莎,低能,9
路易莎,人民,9
路易莎,沒事,9
路易莎,癌症,9
路易莎,中國,9
路易莎,平價,8
路易莎,光泉,8
路易莎,掰掰,8
路易莎,優惠,8
路易莎,店員,8
路易莎,不錯,8
路易莎,廠商,8
路易莎,全家,8
路易莎,超商,8
路易莎,不如,8
