品牌,年,留言數,正面,負面,爭議留言數,淨情緒指數
Cama,2010.0,13,4,1,0,60.0
Cama,2012.0,43,6,1,1,71.4
Cama,2013.0,130,16,5,1,52.4
Cama,2014.0,9,2,0,0,100.0
Cama,2015.0,41,5,5,0,0.0
Cama,2017.0,148,8,5,0,23.1
Cama,2018.0,21,3,0,0,100.0
Cama,2019.0,48,7,13,0,-30.0
Cama,2021.0,16,2,3,0,-20.0
Cama,2022.0,64,12,5,1,41.2
Cama,2023.0,12,2,0,0,100.0
Cama,2024.0,36,10,3,0,53.8
Cama,2026.0,24,2,0,0,100.0
丹堤咖啡,2008.0,3,0,0,0,
丹堤咖啡,2009.0,6,0,0,0,
丹堤咖啡,2012.0,2,0,0,0,
丹堤咖啡,2016.0,27,6,2,9,50.0
丹堤咖啡,2019.0,40,8,1,0,77.8
丹堤咖啡,2020.0,53,1,8,1,-77.8
丹堤咖啡,2024.0,7,1,0,0,100.0
怡客咖啡,2008.0,11,0,1,0,-100.0
怡客咖啡,2011.0,8,0,0,0,
怡客咖啡,2019.0,26,1,0,0,100.0
星巴克,2004.0,188,6,1,1,71.4
星巴克,2005.0,7,2,0,0,100.0
星巴克,2006.0,53,5,3,0,25.0
星巴克,2007.0,81,11,2,0,69.2
星巴克,2008.0,169,12,7,1,26.3
星巴克,2009.0,218,24,12,0,33.3
星巴克,2010.0,380,32,31,0,1.6
星巴克,2011.0,204,21,19,2,5.0
星巴克,2012.0,204,4,11,0,-46.7
星巴克,2013.0,382,29,27,4,3.6
星巴克,2014.0,383,28,19,1,19.1
星巴克,2015.0,196,25,10,0,42.9
星巴克,2016.0,254,13,5,0,44.4
星巴克,2017.0,272,21,13,3,23.5
星巴克,2018.0,72,5,6,0,-9.1
星巴克,2019.0,84,3,9,0,-50.0
星巴克,2020.0,39,1,3,0,-50.0
星巴克,2021.0,166,6,7,0,-7.7
星巴克,2022.0,102,10,5,0,33.3
星巴克,2023.0,3,0,0,0,
星巴克,2024.0,6,1,2,0,-33.3
星巴克,2025.0,55,3,1,0,50.0
星巴克,2026.0,985,21,64,10,-50.6
路易莎,2015.0,20,1,2,0,-33.3
路易莎,2016.0,2,1,0,0,100.0
路易莎,2017.0,322,14,78,61,-69.6
路易莎,2018.0,17,0,0,0,
路易莎,2019.0,170,18,24,2,-14.3
路易莎,2020.0,1,0,0,0,
路易莎,2021.0,55,2,0,0,100.0
路易莎,2023.0,20,3,4,0,-14.3
路易莎,2026.0,1043,35,71,51,-34.0
