品牌,店名,緯度,經度,類型,縣市,行政區,街道,完整地址,營業時間,osm_type,osm_id
星巴克,星巴克,21.9402815,120.8074142,cafe,,,,,,node,4915843239
星巴克,星巴克,22.0468332,120.698102,cafe,,,,,,node,5845737020
星巴克,星巴克,22.3377878,120.8947845,cafe,,,,,,node,10242015020
星巴克,星巴克,22.0081104,120.7406302,cafe,,,,,,node,13277276420
星巴克,星巴克,22.4692149,120.4549652,cafe,屏東縣,東港鎮,光復路一段,屏東縣東港鎮光復路一段356號,Mo-Su 07:00-22:00,way,1182419662
星巴克,星巴克,22.5009406,120.3964802,cafe,高雄市,林園區,沿海路二段,高雄市林園區沿海路二段168號,Mo-Su 07:00-22:00,way,1421181487
星巴克,星巴克,22.6657652,120.3060409,cafe,,,,,Mo-Fr 07:00-22:00; Sa-Su 08:00-22:00,node,1069245383
星巴克,星巴克,22.9883623,120.1872305,cafe,臺南市,中西區,中華西路二段,700臺南市中西區中華西路二段16號1樓,Mo-Su 08:00-21:00,node,1739996869
星巴克,星巴克,22.6449043,120.30858,cafe,高雄市,三民區,十全一路,807高雄市三民區十全一路183號,,node,1942262238
星巴克,星巴克,22.9976132,120.1873652,cafe,臺南市,中西區,民生路二段,700臺南市中西區民生路二段489號,Mo-Su 07:00-21:00,node,2147381071
星巴克,星巴克,22.619555,120.3117473,cafe,高雄市,苓雅區,四維三路,802高雄市苓雅區四維三路17號,,node,2289147405
星巴克,星巴克,22.9962966,120.2222885,cafe,,,,,,node,2616887565
星巴克,星巴克,22.6567763,120.3050212,cafe,,,,,,node,2619770358
星巴克,星巴克,22.6339081,120.3091106,cafe,高雄市,新興區,七賢一路,800高雄市新興區七賢一路291號,Mo-Su 07:00-22:00,node,2622532970
路易莎,路易莎咖啡,22.6500532,120.3037435,cafe,,,,,Mo-Su 07:00-23:00,node,2686571280
星巴克,星巴克,22.6180433,120.2687008,cafe,,,,,,node,2696287679
星巴克,星巴克,22.6147027,120.3063341,cafe,,,,,,node,2925723958
星巴克,星巴克,22.6304859,120.3172705,cafe,,,,,,node,3415434409
星巴克,星巴克,22.6260306,120.3162868,cafe,,,,,,node,3477935920
星巴克,星巴克,22.9249481,120.2854694,cafe,,,,,,node,4012189673
星巴克,星巴克,22.6758522,120.3124336,cafe,高雄市,左營區,曾子路,高雄市左營區曾子路1號,Mo-Su 07:00-22:00,node,4125052407
Cama,cama café,22.9875555,120.1972419,cafe,,,,,,node,4248512506
星巴克,星巴克,22.6614471,120.2901481,cafe,高雄市,鼓山區,明誠四路,高雄市鼓山區明誠四路118號,,node,4322644522
丹堤咖啡,丹堤咖啡,22.6614161,120.2917454,cafe,高雄市,鼓山區,明誠四路,高雄市鼓山區明誠四路10號,,node,4322644931
星巴克,星巴克,22.9907169,120.1713302,cafe,臺南市,安平區,永華路二段,708臺南市安平區永華路二段721號,Mo-Su 07:00-22:00,node,4652101941
路易莎,路易莎咖啡,22.6383304,120.350622,cafe,,,,,,node,4693683472
星巴克,星巴克,22.995506,120.2101619,cafe,,,,,,node,4737794721
星巴克,星巴克,22.6178719,120.2960507,cafe,,,,,,node,4745953128
星巴克,星巴克,22.612565,120.304578,cafe,,,,,Mo-Su 08:00-22:00,node,4750296221
路易莎,路易莎咖啡,22.9974852,120.2095356,cafe,臺南市,中西區,成功路,臺南市中西區成功路29號,Mo-Fr 07:00-20:00; Sa-Su 08:00-18:00; PH 08:00-18:00,node,4776762041
星巴克,星巴克,22.6739982,120.4898152,cafe,屏東縣,屏東市,中正路,屏東縣屏東市中正路72號,,node,4810818821
Cama,CAMA CAFE,22.9987899,120.2053677,cafe,臺南市,北區,成功路,704臺南市北區成功路114號一樓,Mo-Su 07:00-18:00,node,5100584624
路易莎,路易莎咖啡,22.640844,120.332042,cafe,高雄市,三民區,大昌二路,807高雄市三民區大昌二路89號,,node,5160664999
星巴克,統一星巴克,22.7219421,120.2912106,cafe,,,,,,node,5228149368
路易莎,路易莎咖啡,22.6655142,120.3072976,cafe,,,,,,node,5237613603
星巴克,星巴克,22.9935321,120.1990104,cafe,臺南市,中西區,西門路二段,700臺南市中西區西門路二段120號一樓,,node,5274587577
星巴克,星巴克,22.7279301,120.3255051,cafe,,,,,,node,5293349718
星巴克,星巴克,22.9672324,120.2909692,cafe,臺南市,歸仁區,中山路二段,711臺南市歸仁區中山路二段118號,Mo-Su 06:30-21:00,node,5320258259
路易莎,路易莎咖啡,22.7259943,120.3029503,cafe,高雄市,楠梓區,德惠路,高雄市楠梓區德惠路22號,Mo-Su 08:00-23:00,node,5325505933
路易莎,路易莎咖啡,22.6143971,120.3071111,cafe,,,,,,node,5325554294
星巴克,星巴克,22.6872139,120.3080331,cafe,,,,,,node,5503065153
路易莎,路易莎咖啡,22.9900582,120.220569,cafe,,,,,,node,5611004019
路易莎,路易莎咖啡,22.6597526,120.308629,cafe,高雄市,左營區,自由二路,813高雄市左營區自由二路141號,,node,5624687640
路易莎,路易莎咖啡,22.987411,120.2002754,cafe,,,,,,node,5698243680
星巴克,星巴克,22.9813689,120.2108151,cafe,,,,,,node,5703735876
路易莎,路易莎咖啡,22.6310719,120.3085954,cafe,,,,,,node,5982257687
路易莎,路易莎咖啡,22.9680288,120.2877651,cafe,臺南市,歸仁區,民權北路,臺南市歸仁區民權北路29號,Mo-Su 07:00-22:00,node,6401655686
路易莎,路易莎咖啡,22.6466679,120.3106008,cafe,,,,,Mo-Fr 07:30-19:00; Sa-Su 09:00-17:00,node,6451332914
路易莎,路易莎咖啡,22.5667202,120.3601112,cafe,高雄市,小港區,漢民路,812高雄市小港區漢民路616號二樓,Mo-Su 07:00-21:00,node,6937670300
路易莎,Louisa Coffee 路易．莎咖啡,22.6514433,120.2882501,cafe,,,,,,node,7123641207
星巴克,星巴克,22.9947564,120.2097694,cafe,,,,,,node,7281634760
Cama,cama café,22.6702362,120.4861153,cafe,屏東縣,屏東市,民族路,屏東縣屏東市民族路165號,Mo-Fr 07:30-19:00; Sa-Su 09:00-18:00,node,7450762138
路易莎,路易莎咖啡,22.6186775,120.277779,cafe,,,,,"Mo-Th,Su 10:00-21:00; Fr-Sa 10:00-22:00",node,7456880219
星巴克,星巴克,22.6332114,120.2861807,cafe,,,,,,node,7472641659
星巴克,星巴克,22.6262067,120.3572385,cafe,,,,,Mo-Su 07:00-22:00,node,7500124956
路易莎,路易莎咖啡,22.792138,120.297006,cafe,高雄市,岡山區,民有路,高雄市岡山區民有路60號,Mo-Su 07:00-21:00,node,7525926350
Cama,cama café,22.6312035,120.3256359,cafe,,,,,,node,7528832907
路易莎,路易莎咖啡,22.9948016,120.2179415,cafe,,,,,Mo-Su 07:00-19:00,node,7645260814
Cama,Cama café,22.6630938,120.5053188,cafe,屏東縣,屏東市,民生路57巷,900屏東縣屏東市民生路57巷8號,,node,7814664097
星巴克,星巴克,22.6218416,120.2990798,cafe,,,,,,node,8013101851
星巴克,星巴克,22.8686739,120.2560729,cafe,高雄市,路竹區,中山路,高雄市路竹區中山路475號,,node,8495844717
路易莎,路易莎咖啡,22.9894221,120.1953315,cafe,,,,,,node,10222779317
星巴克,星巴克,22.9983825,120.251285,cafe,,,,,,node,10811774129
星巴克,星巴克,22.6833641,120.339863,cafe,高雄市,仁武區,八德南路,高雄市仁武區八德南路117號,Mo-Su 07:00-22:00,node,10910874977
路易莎,路易莎咖啡,22.6843489,120.3428304,cafe,高雄市,仁武區,京吉六路,高雄市仁武區京吉六路27號,Mo-Su 06:30-21:00,node,10910874981
星巴克,星巴克,22.6290324,120.2940203,cafe,高雄市,前金區,中正四路,801高雄市前金區中正四路190號,,node,11048149712
路易莎,路易莎咖啡,22.9933473,120.2267373,cafe,,,,,,node,12105606613
Cama,cama café,22.6212212,120.3106976,cafe,,,,,,node,12211584300
星巴克,星巴克,22.6055115,120.329525,cafe,高雄市,前鎮區,瑞隆路,高雄市前鎮區瑞隆路438號,Mo-Su 06:30-21:30,node,12465521632
星巴克,星巴克,22.6236397,120.3158942,cafe,高雄市,苓雅區,光華一路,高雄市苓雅區光華一路148-55號,Mo-Su 07:00-22:00,node,12466404437
星巴克,星巴克,22.6652659,120.4749743,cafe,屏東縣,屏東市,建國路,屏東縣屏東市建國路242號,Mo-Su 06:30-21:00,node,12541913003
Cama,cama,22.5940329,120.3293964,cafe,,,,,,node,12546006124
星巴克,星巴克,22.9676126,120.1857559,cafe,臺南市,南區,新和東路,702臺南市南區新和東路136號,Mo-Su 07:00-23:00,node,12645598727
路易莎,路易莎咖啡,22.9826002,120.2112218,cafe,臺南市,中西區,大同路一段,臺南市中西區大同路一段214號,,node,12839661259
星巴克,星巴克,22.6601822,120.3133894,cafe,高雄市,三民區,明誠二路,807高雄市三民區明誠二路72號,,node,13032261788
路易莎,路易莎咖啡,22.6612188,120.3141868,cafe,高雄市,三民區,明仁路,807高雄市三民區明仁路51號,,node,13033105435
星巴克,星巴克,22.8846073,120.4829336,cafe,,,,,,node,13339762155
路易莎,路易莎咖啡,22.9872433,120.2002848,cafe,,,,,"Mo-Fr 07:00-18:00; Sa,Su 08:00-18:00",node,13743953362
星巴克,星巴克,22.5713895,120.3408059,cafe,,,,,,node,13826919618
星巴克,星巴克,22.6126898,120.3046438,cafe,,,,,,node,13827490728
星巴克,星巴克,22.6831324,120.483752,cafe,屏東縣,屏東市,自由路,900屏東縣屏東市自由路601號,,node,13910736445
星巴克,星巴克,22.9989671,120.2129858,cafe,臺南市,北區,北門路二段,704臺南市北區北門路二段16號,,way,204493490
星巴克,星巴克,22.6725358,120.3048272,cafe,,,,,,way,587252242
星巴克,星巴克,22.7997191,120.2928372,cafe,高雄市,岡山區,公園東路,高雄市岡山區公園東路38號,,way,642348887
星巴克,星巴克,22.7962604,120.2990047,cafe,高雄市,岡山區,中山北路,高雄市岡山區中山北路110號,Mo-Sa 07:00-22:00,way,642354234
星巴克,星巴克,22.650936,120.3417933,cafe,,,,,,way,656538656
星巴克,星巴克,22.5701251,120.356346,cafe,,,,,,way,902951082
路易莎,Louisa Coffee 路易．莎咖啡,22.6574462,120.2967063,cafe,高雄市,鼓山區,龍德路,804高雄市鼓山區龍德路409號,,way,926953491
星巴克,星巴克,22.6884811,120.3181556,cafe,,,,,,way,1046209216
星巴克,星巴克,22.6034793,120.3980805,cafe,高雄市,大寮區,力行路,高雄市大寮區力行路109號,Mo-Sa 07:00-22:00,way,1094032664
星巴克,星巴克,22.5524595,120.5400312,cafe,屏東縣,潮州鎮,延平路,屏東縣潮州鎮延平路35號,Mo-Su 07:00-22:00,way,1182420014
星巴克,星巴克,22.651855,120.2876638,cafe,高雄市,鼓山區,美術東二路,804高雄市鼓山區美術東二路9號,,way,1214774628
星巴克,星巴克,22.5850183,120.3650914,cafe,高雄市,小港區,中安路,高雄市小港區中安路831號,Mo-Su 07:00-22:00,way,1226373187
星巴克,星巴克,22.660986,120.5088392,cafe,屏東縣,屏東市,民生路,900屏東縣屏東市民生路5之5號,,way,1279816167
星巴克,星巴克,22.6091317,120.5638234,cafe,屏東縣,內埔鄉,永光路,屏東縣內埔鄉永光路36號,Mo-Su 07:00-21:30,way,1355173674
星巴克,星巴克,22.7317269,120.292591,cafe,高雄市,楠梓區,藍昌路,高雄市楠梓區藍昌路480號,Mo-Su 07:00-22:00,way,1366777614
星巴克,星巴克,22.9896797,120.2442938,cafe,臺南市,東區,裕農路,臺南市東區裕農路930號,Mo-Su 07:00-22:00,way,1479062231
星巴克,星巴克,22.7303522,120.272245,cafe,高雄市,楠梓區,德中路,高雄市楠梓區德中路658號,Mo-Su 06:30-22:30,way,1560185704
星巴克,星巴克,23.0057852,120.1851462,cafe,臺南市,中西區,中華西路二段851巷,700臺南市中西區中華西路二段851巷28號,Mo-Su 07:00-23:00,node,2148693392
星巴克,星巴克,23.0387812,120.234515,cafe,臺南市,永康區,中正南路,臺南市永康區中正南路652號,,node,4277684989
星巴克,星巴克,23.4595188,120.3229868,cafe,嘉義縣,太保市,高鐵西路,嘉義縣太保市高鐵西路168號,Mo-Su 06:30-22:00,node,4524904415
星巴克,星巴克,23.4751469,120.461398,cafe,嘉義市,東區,垂楊路,嘉義市東區垂楊路2號,Mo-Su 07:00-21:30,node,5109026750
星巴克,星巴克,23.0253118,120.2265445,cafe,臺南市,永康區,南台街,71005臺南市永康區南台街1號,Mo-Fr 08:00-19:30; Sa-Su 08:00-15:00,node,5149558891
星巴克,星巴克,23.0983997,120.2821944,cafe,台南市,新市區,南科三路,741台南市新市區南科三路17號一樓,"Mo-Fr 07:00-21:30, Sa-Su 08:00-21:00",node,5272995556
星巴克,星巴克,23.4794419,120.4457478,cafe,嘉義市,西區,中山路,嘉義市西區中山路471號,Mo-Su 07:00-21:30,node,5349013543
路易莎,路易莎咖啡,23.0707771,120.2922484,cafe,,,,,,node,5578363991
路易莎,路易莎咖啡,23.0092139,120.2062319,cafe,臺南市,北區,立賢路一段,704010臺南市北區立賢路一段39號,Mo-Su 07:00-21:00,node,6114290809
星巴克,星巴克,23.0652654,120.2233724,cafe,臺南市,安南區,長和路二段,709臺南市安南區長和路二段66號1樓,Mo-Fr 07:00-19:00,node,6396060850
路易莎,路易莎咖啡,23.4800217,120.4493701,cafe,,,,,,node,6506240515
星巴克,星巴克,23.3076901,120.3162709,cafe,,,,,,node,6508054277
路易莎,路易莎咖啡,23.1272442,120.2938825,cafe,,,,,,node,6961392090
星巴克,星巴克,23.0142178,120.2093868,cafe,臺南市,北區,西門路四段,704005臺南市北區西門路四段307號,,node,7261614023
星巴克,星巴克,23.4794471,120.4290147,cafe,嘉義市,西區,中興路,嘉義市西區中興路398號,Mo-Su 06:30-21:30,node,7389842370
星巴克,星巴克,23.5712395,120.300199,cafe,雲林縣,北港鎮,華南路,雲林縣北港鎮華南路38號,Mo-Su 07:00-21:30,node,8182599728
星巴克,星巴克,23.4642019,120.4512009,cafe,嘉義市,東區,世賢路四段,嘉義市東區世賢路四段432-1號,Mo-Su 07:30-21:30,node,8570560323
路易莎,路易莎咖啡,23.5240542,120.4396042,cafe,,,,,,node,8737516450
星巴克,星巴克,23.4471852,120.4931304,cafe,嘉義縣,中埔鄉,,嘉義縣中埔鄉頂山門36號,Mo-Su 08:00-20:00,node,9663501178
星巴克,星巴克,23.5159681,120.4423013,cafe,嘉義市,東區,忠孝路,嘉義市東區忠孝路790-5號,Mo-Su 07:00-20:30,node,9829697399
星巴克,星巴克,23.4992678,120.4500831,cafe,嘉義市,東區,忠孝路,嘉義市東區忠孝路539號,,node,9829699117
星巴克,星巴克,23.4964093,120.452914,cafe,嘉義市,東區,忠孝路,嘉義市東區忠孝路600號,,node,9829699118
星巴克,星巴克,23.4811348,120.4528323,cafe,嘉義市,東區,中山路,嘉義市東區中山路201號一樓,,node,9829699119
星巴克,星巴克,23.4728072,120.4412765,cafe,嘉義市,西區,垂楊路,嘉義市西區垂楊路537號,Mo-Su 07:30-22:00,node,9829699120
星巴克,星巴克,23.4712049,120.4311541,cafe,嘉義市,西區,博愛路二段,嘉義市西區博愛路二段461號,Mo-Su 09:00-22:00,node,9829699121
星巴克,星巴克,23.557752,120.3474415,cafe,嘉義縣,新港鄉,大興路,嘉義縣新港鄉大興路19號,Mo-Su 07:00-22:00,node,10694084520
星巴克,星巴克,23.1157362,120.2637158,cafe,,,,,,node,10841912108
路易莎,路易莎,23.0158204,120.2005842,cafe,臺南市,北區,海安路三段,704臺南市北區海安路三段800號,,node,10901187913
星巴克,星巴克,23.1876947,120.2514398,cafe,臺南市,麻豆區,中正路,臺南市麻豆區中正路139號,Mo-Su 07:00-21:00,node,11032149408
星巴克,星巴克,23.0731349,120.2912792,cafe,臺南市,新市區,中正路,744009臺南市新市區中正路71號,,node,11079939505
路易莎,路易莎咖啡,23.4647222,120.4244798,cafe,嘉義市,西區,博愛路二段,嘉義市西區博愛路二段864號,,node,11237500838
路易莎,Louisa Café,23.5656124,119.5649296,cafe,,,,,,node,11252135441
星巴克,星巴克,23.111952,120.3070199,cafe,臺南市,善化區,陽光大道,臺南市善化區陽光大道200號,Mo-Su 07:30-20:30,node,11270932870
路易莎,Louisa,23.032193,120.2045252,cafe,,,,,,node,11343288434
Cama,Cama,23.4727772,120.4415618,cafe,,,,,Mo-Su 08:00-18:00,node,11472595756
路易莎,路易莎,23.0213634,120.221458,cafe,,,,,,node,11905896469
星巴克,星巴克,23.4672614,120.4404027,cafe,嘉義市,西區,新民路,嘉義市西區新民路668號,Mo-Su 07:00-22:00,node,11932045069
路易莎,路易莎咖啡,23.4741007,120.450052,cafe,,,,,,node,12767440433
路易莎,路易莎咖啡,23.5728761,120.3030063,cafe,雲林縣,北港鎮,公園路,雲林縣北港鎮公園路7號,Mo-Su 07:00-21:00,node,13077773472
路易莎,路易莎咖啡,23.0082971,120.2319798,cafe,,,,,Mo-Su 07:00-21:00,node,13518015528
路易莎,路易莎咖啡,23.560744,120.4721559,cafe,嘉義縣,民雄鄉,大學路一段,621嘉義縣民雄鄉大學路一段168號,Mo-Fr 07:00-21:00; Sa-Su 08:00-19:00,node,13580883401
路易莎,路易莎咖啡,23.4463479,120.5859237,cafe,,,,,,node,13588877852
星巴克,星巴克,23.5678433,119.5758695,cafe,澎湖縣,馬公市,新店路,880澎湖縣馬公市新店路197號,Mo-Su 07:70-21:30,node,13718186616
星巴克,星巴克,23.1269446,120.2938272,cafe,台南市,善化區,大同路,741台南市善化區大同路2號,,way,466918187
星巴克,星巴克,23.1621809,120.1823224,cafe,臺南市,佳里區,新生東路,722臺南市佳里區新生東路1號,,way,468001045
星巴克,星巴克,23.5593709,120.4336374,cafe,嘉義縣,民雄鄉,建國路ㄧ段,621嘉義縣民雄鄉建國路ㄧ段235號,Mo-Su 07:00-22:00,way,544067740
星巴克,星巴克,23.0037345,120.2349153,cafe,臺南市,永康區,中華路,臺南市永康區勝利里14鄰中華路157號,,way,740545331
星巴克,星巴克,23.0280066,120.1904986,cafe,臺南市,安南區,海佃路一段,709臺南市安南區海佃路一段381號,Mo-Fr 07:00-21:00,way,906841096
星巴克,星巴克,23.0368271,120.3074957,cafe,,,,,,way,1163805433
星巴克,星巴克,23.0118522,120.2002464,cafe,臺南市,北區,海安路三段,704臺南市北區海安路三段727號,Mo-Su 07:00-22:00,way,1226373429
星巴克,星巴克,23.0209482,120.2341703,cafe,臺南市,永康區,東橋八街,臺南市永康區東橋八街90號,Mo-Su 07:00-21:00,way,1273245441
星巴克,星巴克,23.045906,120.1886971,cafe,臺南市,安南區,安吉路一段,709臺南市安南區安吉路一段208號,Mo-Su 07:00-21:00,way,1412681194
星巴克,星巴克,23.4605899,120.2887189,cafe,嘉義縣,朴子市,嘉朴路西段,嘉義縣朴子市嘉朴路西段7號,Mo-Su 07:00-22:00,way,1413079403
星巴克,星巴克,23.042352,120.2035371,cafe,臺南市,安南區,北安路三段,709臺南市安南區北安路三段156號,Mo-Su 06:30-22:00,way,1421353630
路易莎,路易莎咖啡,23.306526,120.3102382,cafe,臺南市,新營區,三民路,臺南市新營區三仙里1鄰三民路152之1號,,way,1480492298
星巴克,星巴克,23.709138,120.4338036,cafe,,,,,,node,2596374577
星巴克,星巴克,23.9837253,120.6856994,cafe,南投縣,草屯鎮,中正路,南投縣草屯鎮中正路857-1號,Mo-Su 07:30-22:30,node,4124957089
星巴克,星巴克,23.7887746,120.4775012,cafe,,,,,Mo-Su 07:00-22:00,node,4679758756
星巴克,星巴克,23.9707088,120.5716405,cafe,彰化縣,員林市,中山路二段,彰化縣員林市中山路二段2號,,node,6131867590
星巴克,星巴克,23.6992341,120.5446397,cafe,,,,,,node,7095470212
路易莎,路易莎咖啡,23.9569599,120.4773295,cafe,,,,,,node,7707403074
星巴克,星巴克,23.90569,120.6893285,cafe,,,,,Mo-Su 10:00-21:30,node,9273676983
路易莎,路易莎咖啡,23.7024568,120.5406598,cafe,雲林縣,斗六市,鎮南路,雲林縣斗六市鎮南路98號,Mo-Su 07:00-21:30,node,10967389212
星巴克,星巴克,23.9172335,120.6844319,cafe,,,,,Mo-Su 10:00-21:30,node,11103973732
路易莎,路易莎咖啡,23.7078718,120.4371597,cafe,雲林縣,虎尾鎮,新生路,雲林縣虎尾鎮新生路92號,,node,11169511868
路易莎,路易莎咖啡,23.7015775,120.430409,cafe,雲林縣,虎尾鎮,文化路,雲林縣虎尾鎮文化路64號,,node,11169511876
星巴克,星巴克,23.683,120.4735074,cafe,,,,,,node,11256807951
星巴克,星巴克,23.7365074,120.4163776,cafe,雲林縣,虎尾鎮,站前東路,雲林縣虎尾鎮廉使里19鄰站前東路301號,06:30-21:00,node,12541694796
路易莎,路易莎咖啡,23.7460792,120.2546808,cafe,雲林縣,麥寮鄉,自強路,雲林縣麥寮鄉自強路125號,Mo-Su 07:30-20:30,node,13077773480
路易莎,路易莎咖啡,23.9583658,120.5705802,cafe,,,,,,node,13204868233
路易莎,路易莎咖啡,23.9723352,120.4783252,cafe,,,,,,node,14017046938
星巴克,星巴克,23.7033604,120.531295,cafe,,,,,,way,496846168
星巴克,星巴克,23.7466594,120.2556412,cafe,雲林縣,麥寮鄉,光復路,雲林縣麥寮鄉光復路3號,Mo-Su 07:30-21:00,way,1178708585
星巴克,星巴克,23.9493372,120.5649944,cafe,彰化縣,埔心鄉,中山路一段,彰化縣埔心鄉中山路一段453號,Mo-Su 07:00-21:30,way,1226373644
星巴克,星巴克,23.962217,120.4816881,cafe,彰化縣,溪湖鎮,東環路,彰化縣溪湖鎮東環路515號,Mo-Su 06:30-21:30,way,1226374476
星巴克,星巴克,23.9009233,120.5825832,cafe,彰化縣,社頭鄉,中山路一段,彰化縣社頭鄉中山路一段765號,Mo-Su 07:00-21:00,way,1271646079
星巴克,星巴克,23.8731727,120.516473,cafe,彰化縣,北斗鎮,中山路一段,彰化縣北斗鎮中山路一段375號,Mo-Su 07:00-21:00,way,1342575582
星巴克,星巴克,23.735344,120.4289531,cafe,雲林縣,虎尾鎮,清雲路,雲林縣虎尾鎮清雲路685號,Mo-Su 07:00-21:00,way,1364506520
星巴克,星巴克,23.7153491,120.5350831,cafe,雲林縣,斗六市,明德北路二段,雲林縣斗六市明德北路二段348號,Mo-Su 07:00-21:00,way,1419337829
星巴克,星巴克,24.1703938,120.6435234,cafe,臺中市,西屯區,河南路二段,40744臺中市西屯區河南路二段431號,Mo-Su 07:30-22:30,node,1958092153
星巴克,星巴克,24.1512848,120.6636022,cafe,臺中市,西區,公益路,40360臺中市西區公益路68號1樓,"Su-Th 07:00-22:00; Fr,Sa 07:00-22:30",node,3334022738
星巴克,星巴克,24.3289487,120.7165869,cafe,,,,,,node,3360691293
Cama,cama café,24.1874764,120.6188063,cafe,臺中市,西屯區,福康路,40763臺中市西屯區福康路136號,Mo-Fr 07:30-18:00; Sa-Su 09:00-18:00,node,3441071954
星巴克,星巴克,24.0712087,120.5453721,cafe,,,,,,node,3606852366
星巴克,星巴克,24.1828898,120.6163684,cafe,臺中市,西屯區,福康路,40764臺中市西屯區福康路1、3號,Mo-Fr 07:00-22:00; Sa-Su 07:30-22:00,node,3621231826
星巴克,星巴克,24.1275332,120.6699729,cafe,臺中市,南區,五權南路,40246臺中市南區五權南路100號,Mo-Su 07:00-22:00,node,3696255549
路易莎,路易莎咖啡,24.178069,120.7135743,cafe,,,,,,node,3813667621
星巴克,星巴克,24.16534,120.6739769,cafe,臺中市,北區,中清路一段,40462臺中市北區中清路一段510號,Mo-Su 07:00-22:00,node,3870345861
Cama,cama café,24.1646264,120.6548209,cafe,臺中市,西屯區,青海路一段,40746臺中市西屯區青海路一段92號,Mo-Fr 07:30-19:00; Sa-Su 09:00-18:00,node,3904095398
星巴克,星巴克,24.1660334,120.6375748,cafe,臺中市,西屯區,朝富路,40757臺中市西屯區朝富路83號1樓,Mo-Su 07:30-22:00,node,3904095399
星巴克,星巴克,24.156857,120.6465344,cafe,臺中市,西屯區,市政北一路,40756臺中市西屯區市政北一路1號,Mo-Su 07:00-22:00,node,3904095400
路易莎,路易莎咖啡,24.1837676,120.6169838,cafe,臺中市,西屯區,福康路,40764臺中市西屯區福康路26號,Mo-Fr 06:30-18:00; Sa-Su 06:30-16:00,node,3904095401
路易莎,路易莎咖啡,24.1719173,120.6483314,cafe,臺中市,西屯區,河南路二段301巷,40744臺中市西屯區河南路二段301巷72號,Mo-Fr 07:00-19:00; Sa-Su 07:00-18:00,node,3904095402
Cama,cama café,24.1557336,120.6561071,cafe,臺中市,西區,精誠路,40352臺中市西區精誠路74號,Mo-Fr 07:30-21:00; Sa-Su 08:30-21:00,node,3904920801
Cama,cama café,24.1372649,120.6804422,cafe,臺中市,西區,民權路,40341臺中市西區民權路77號,Mo-Fr 07:30-18:00; Sa-Su 09:00-18:00,node,3904920803
Cama,cama café,24.1523181,120.6657776,cafe,臺中市,西區,英才路470巷,40360臺中市西區英才路470巷2號,Mo-Fr 07:30-20:00; Sa-Su 09:00-19:00,node,3904920804
Cama,cama café,24.1224755,120.6619189,cafe,臺中市,南區,忠明南路,40255臺中市南區忠明南路821-5號,Mo-Fr 07:30-20:00; Sa-Su 09:00-19:00,node,3904920805
星巴克,星巴克,24.2507672,120.7205221,cafe,,,,,,node,3926733753
星巴克,星巴克,24.1810576,120.6465739,cafe,臺中市,西屯區,文華路,40724臺中市西屯區文華路100號,,node,4001842788
星巴克,星巴克,24.1519262,120.684678,cafe,臺中市,北區,三民路三段,40446臺中市北區三民路三段161號C棟1樓,Su-Th 09:00-22:30; Fr-Sa 09:00-23:00,node,4005392454
星巴克,星巴克,24.2115562,120.7007521,cafe,,,,,24/7,node,4328609693
星巴克,星巴克,24.149479,120.7132699,cafe,台中市,太平區,中山路四段,411台中市太平區中山路四段21號,Su-Th 07:30-22:30; Fr-Sa 07:30-23:00,node,4409948531
星巴克,星巴克,24.1396021,120.6829899,cafe,臺中市,中區,臺灣大道一段,40045臺中市中區臺灣大道一段138號1樓,Mo-Fr 07:00-21:30; Sa-Su 07:00-22:00,node,4526643036
星巴克,星巴克,24.1542843,120.6643243,cafe,臺中市,西區,臺灣大道二段,40360臺中市西區臺灣大道二段363號,Mo-Su 06:30-22:00,node,4682107093
星巴克,星巴克,24.2683502,120.566412,cafe,,,,,,node,4716052989
路易莎,路易莎咖啡,24.1352562,120.661847,cafe,臺中市,西區,美村路一段,403011臺中市西區美村路一段689號1樓,,node,4754491526
星巴克,星巴克,24.1787795,120.6372611,cafe,臺中市,西屯區,黎明路三段,40760臺中市西屯區黎明路三段289號,Mo-Su 07:00-22:30,node,4798905711
星巴克,星巴克,24.1078958,120.4955229,cafe,,,,,,node,5115417153
星巴克,星巴克,24.1418657,120.6399446,cafe,臺中市,南屯區,五權西路二段,40869臺中市南屯區五權西路二段658號,Mo-Su 07:00-21:30,node,5298699878
路易莎,路易莎咖啡,24.1546775,120.6499023,cafe,臺中市,南屯區,大墩路,40848臺中市南屯區大墩路806號,Mo-Fr 06:30-18:30; Sa-Su 07:30-18:30,node,5298699906
星巴克,星巴克,24.1362073,120.6876203,cafe,臺中市,東區,復興路四段,40144臺中市東區復興路四段186號,Mo-Th 07:00-22:30; Fr-Su 07:00-23:00,node,5385086265
星巴克,星巴克,24.160601,120.6349706,cafe,臺中市,西屯區,市政路,40757臺中市西屯區市政路581號,Mo-Su 07:00-22:30,node,5535756586
星巴克,星巴克,24.1843288,120.6049004,cafe,臺中市,西屯區,臺灣大道四段,40705臺中市西屯區臺灣大道四段1650號,Mo-Fr 06:30-21:30; Sa-Su 07:00-21:30,node,5535756587
星巴克,星巴克,24.1538545,120.6830008,cafe,臺中市,北區,學士路,40454臺中市北區學士路2號1樓,Mo-Fr 07:00-22:00; Sa-Su 07:30-22:00,node,5535756588
星巴克,星巴克,24.1566983,120.6810267,cafe,臺中市,北區,育德路,40447臺中市北區育德路2號,Mo-Fr 07:00-22:00; Sa-Su 07:30-22:00,node,5535756589
星巴克,星巴克,24.1825801,120.6905496,cafe,臺中市,北屯區,松竹路二段,40673臺中市北屯區松竹路二段350號,Mo-Su 07:00-21:30,node,5535848913
星巴克,星巴克,24.1398765,120.6552568,cafe,臺中市,西區,五權西路一段,40347臺中市西區五權西路一段277號1樓,Mo-Su 07:00-22:00,node,5536943723
路易莎,路易莎咖啡,24.1708973,120.6838483,cafe,臺中市,北屯區,北平路三段,40666臺中市北屯區北平路三段146號,Mo-Su 08:00-18:00,node,5536943724
路易莎,路易莎咖啡,24.1588651,120.6800578,cafe,臺中市,北區,五常街,40447臺中市北區五常街178號,Mo-Fr 07:00-21:00; Sa-Su 08:00-20:00,node,5536943725
路易莎,路易莎咖啡,24.1594849,120.6940887,cafe,臺中市,北區,進化路,40463臺中市北區進化路571-2號,Mo-Su 07:00-19:00,node,5536943726
路易莎,路易莎咖啡,24.1621983,120.6348377,cafe,臺中市,西屯區,朝富路,40757臺中市西屯區朝富路286號,Mo-Su 07:30-21:30,node,5536943727
路易莎,路易莎咖啡,24.1567605,120.647023,cafe,臺中市,西屯區,文心路二段,40758臺中市西屯區文心路二段560-9號,Mo-Su 07:00-21:30,node,5536943728
路易莎,路易莎咖啡,24.1493962,120.6469961,cafe,臺中市,南屯區,文心路一段,40862臺中市南屯區文心路一段376號,Mo-Su 07:30-20:00,node,5536943729
路易莎,路易莎咖啡,24.1487348,120.6082774,cafe,臺中市,南屯區,精科路,40852臺中市南屯區精科路112號,Mo-Su 07:00-19:00,node,5536943730
Cama,cama café,24.1494011,120.6552092,cafe,臺中市,西區,精誠路,40356臺中市西區精誠路165號,Mo-Fr 07:30-20:00; Sa-Su 09:00-19:00,node,5536943731
Cama,cama café,24.1708789,120.6840719,cafe,臺中市,北屯區,北平路三段,40666臺中市北屯區北平路三段154號,Mo-Fr 07:30-20:00; Sa-Su 08:00-19:00,node,5536943732
星巴克,星巴克,24.1829722,120.6164402,cafe,臺中市,西屯區,福康路,臺中市西屯區福康路1-3號,,node,5789308205
路易莎,路易莎咖啡,24.1564277,120.6567759,cafe,,,,,Mo-Su 07:30-21:00,node,6183477007
路易莎,路易莎咖啡,24.144107,120.6498123,cafe,,,,,Mo-Su 07:00-19:30,node,6183996339
路易莎,路易莎咖啡,24.1462834,120.6435994,cafe,,,,,Mo-Su 07:30-23:00,node,6184063886
星巴克,星巴克,24.1648211,120.6436811,cafe,,,,,,node,6203243291
路易莎,Louisa,24.1564501,120.6567739,cafe,臺中市,西區,精诚路,臺中市西區精诚路7-2號,Mo-Su 07:30-21:00,node,6231728909
路易莎,路易莎咖啡,24.1509888,120.6523185,cafe,臺中市,南屯區,公益路,臺中市南屯區公益路8號,Mo-Su 07:30-23:00,node,6275907771
路易莎,路易莎咖啡,24.2286772,120.6473129,cafe,臺中市,大雅區,學府路,42869臺中市大雅區學府路459號,"Mo-Fr 06:30-18:00, Sa/Su 07:30-18:00",node,6379957667
路易莎,路易莎咖啡,24.1399385,120.6587326,cafe,臺中市,,五權西路一段,,,node,6567003027
路易莎,路易莎咖啡,24.1670209,120.7241696,cafe,,,,,,node,6743378493
路易莎,路易莎咖啡,24.1423282,120.6386512,cafe,,,,,,node,6843918631
星巴克,星巴克,24.1717452,120.6915629,cafe,,,,,,node,6881370446
路易莎,路易莎咖啡,24.1840591,120.644849,cafe,臺中市,西屯區,福星北路,407031臺中市西屯區福星北路50號1樓,Mo-Su 07:00-20:00,node,7025002136
星巴克,星巴克,24.1825365,120.6905967,cafe,,,,,,node,7558068376
路易莎,路易莎咖啡,24.1944636,120.696662,cafe,臺中市,潭子區,頭張路二段,427臺中市潭子區頭張路二段68號,,node,7558088838
路易莎,路易莎咖啡,24.1864869,120.6147145,cafe,臺中市,西屯區,福科路,40764臺中市西屯區福科路579號,Mo-Su 07:00-22:00,node,7821852951
星巴克,星巴克,24.1554235,120.6618094,cafe,,,,,,node,7826581238
路易莎,路易莎咖啡,24.1450681,120.6529072,cafe,,,,,,node,7842069452
星巴克,星巴克,24.1921169,120.611614,cafe,臺中市,西屯區,國安一路,40763臺中市西屯區國安一路168號,,node,7850670337
星巴克,星巴克,24.2250127,120.6453229,cafe,,,,,,node,7859956782
路易莎,路易莎咖啡,24.1537562,120.6674581,cafe,臺中市,北區,博館二街,40453臺中市北區博館二街52號一樓,Mo-Su 07:00-22:00,node,7936158075
路易莎,路易莎咖啡美村直營店,24.1526262,120.6618588,cafe,臺中市,西區,美村路一段,臺中市西區美村路一段103號,Mo-Su 07:00-21:30,node,8157870317
星巴克,星巴克,24.0677512,120.5398051,cafe,,,,,,node,9184316220
星巴克,星巴克,24.2521412,120.7062043,cafe,,,,,,node,9417227896
星巴克,星巴克,24.1957662,120.7221928,cafe,,,,,,node,9429919147
星巴克,星巴克,24.0959792,120.5468108,cafe,彰化縣,彰化市,金馬路二段,彰化縣彰化市金馬路二段85號,Mo-Su 07:00-22:00,node,9662302490
路易莎,路易莎,24.120676,120.6536158,cafe,,,,,,node,10076653790
路易莎,路易莎咖啡,24.1590062,120.6822768,cafe,,,,,,node,10094986897
星巴克,星巴克,24.259333,120.5174185,cafe,,,,,,node,10105948317
路易莎,路易莎咖啡,24.2487058,120.7263619,cafe,台中市,豐原區,三民路,420台中市豐原區豐榮里17鄰三民路192號,,node,10107623161
路易莎,路易莎咖啡,24.1048258,120.6773488,cafe,,,,,,node,10118145477
路易莎,路易莎咖啡,24.1827145,120.6781176,cafe,臺中市,北屯區,榮德路,臺中市北屯區榮德路263號,Mo-Su 07:00-20:00,node,10235783269
星巴克,星巴克,24.1999292,120.6706998,cafe,臺中市,北屯區,松竹路三段,臺中市北屯區松竹路三段1133號,Mo-Su 07:00-21:00,node,10235783270
星巴克,星巴克,24.1640227,120.6849047,cafe,臺中市,北區,崇德路一段,臺中市北區崇德路一段481號,Mo-Su 07:00-21:30,node,10735178856
星巴克,星巴克,24.1350668,120.6925655,cafe,,,,,,node,10856128978
星巴克,星巴克,24.1055791,120.6321241,cafe,,,,,,node,10901545979
路易莎,路易莎咖啡,24.1668828,120.6837805,cafe,臺中市,北區,漢口路四段,臺中市北區漢口路四段316號,,node,11011403543
星巴克,星巴克,24.1111999,120.6155388,cafe,,,,,Mo-Su 06:00-22:00,node,11394010218
路易莎,路易莎咖啡,24.1117088,120.6155804,cafe,,,,,Mo-Su 06:00-22:30,node,11394010222
路易莎,路易莎咖啡,24.2184139,120.5793878,cafe,臺中市,沙鹿區,北勢東路,臺中市沙鹿區北勢東路333號,Mo-Su 07:00-22:00,node,12042771054
路易莎,Louisa Coffee 路易莎咖啡,24.1487406,120.6868767,cafe,臺中市,北區,雙十路一段,404臺中市北區雙十路一段125號,Mo-Su 07:00–17:00,node,12441639323
星巴克,星巴克,24.1428173,120.6855551,cafe,,,,,,node,12941904321
星巴克,星巴克,24.1422223,120.6137657,cafe,臺中市,南屯區,忠勇路,臺中市南屯區忠勇路52-186號,Mo-Su 07:00-21:00,node,13058175799
路易莎,路易莎咖啡,24.1451547,120.6707375,cafe,,,,,,node,13062842972
路易莎,路易莎咖啡,24.1633345,120.6783738,cafe,,,,,,node,13132320540
星巴克,星巴克,24.3117054,120.7229001,cafe,臺中市,后里區,三豐路四段,臺中市后里區三豐路四段115號,Mo-Su 07:00-21:00,node,13426388888
Cama,CAMA CAFE 大甲站前店,24.3448865,120.6266543,cafe,臺中市,大甲區,中山路一段,437臺中市大甲區中山路一段959之1號,,node,13994823700
路易莎,路易莎咖啡,24.345776,120.6224468,cafe,臺中市,大甲區,育德路,,,node,13999720792
星巴克,星巴克,24.1095609,120.6793752,cafe,台中市,大里區,國光路二段,412台中市大里區國光路二段411-1號,mo-su: 07:00~22:30,way,303421612
星巴克,星巴克,24.2346959,120.5585696,cafe,臺中市,沙鹿區,沙田路,43353臺中市沙鹿區沙田路103號,Mo-Fr 07:00-22:30; Sa-Su 07:30-22:30,way,338340396
丹堤咖啡,丹堤咖啡,24.1793256,120.6017489,cafe,臺中市,西屯區,臺灣大道四段,40704臺中市西屯區臺灣大道四段1727號,"Mo-Fr 07:00-19:00; Sa,Su 07:00-17:00",way,368091263
路易莎,路易莎咖啡,24.1871028,120.6859499,cafe,臺中市,北屯區,崇德路三段,40673臺中市北屯區崇德路三段181號1樓,Mo-Fr 07:00-21:00; Sa 07:30-21:30; Su 07:30-21:00,way,381865386
星巴克,星巴克,24.1505849,120.6485072,cafe,臺中市,南屯區,公益路二段,40861臺中市南屯區公益路二段131號,Mo-Su 07:00-22:30,way,498718778
星巴克,星巴克,24.1863698,120.6632796,cafe,臺中市,北屯區,中清路二段,40676臺中市北屯區中清路二段769號,Mo-Su 07:00-22:30,way,545257485
星巴克,星巴克,24.1375335,120.6330707,cafe,臺中市,南屯區,永春東路,40842臺中市南屯區永春東路1340號,Mo-Su 07:00-22:00,way,548482994
星巴克,星巴克,24.1423462,120.6463894,cafe,臺中市,南屯區,文心路一段,408臺中市南屯區文心路一段197號,Mo-Su 07:00-22:30,way,548482997
星巴克,星巴克,24.0615561,120.436962,cafe,,,,,,way,565829254
星巴克,星巴克,24.1202856,120.6509808,cafe,臺中市,南區,文心南路,40242臺中市南區文心南路542號,Mo-Su 07:00-22:30,way,577455073
路易莎,路易莎咖啡,24.0557742,120.4343601,cafe,,,,,,way,654381628
星巴克,星巴克,24.3263127,120.702319,cafe,,,,,,way,795510491
星巴克,星巴克,24.1742749,120.7192328,cafe,臺中市,北屯區,軍功路一段,40641臺中市北屯區軍功路一段720號,Mo-Su 07:00-22:00,way,808266821
星巴克,星巴克,24.1884801,120.6866782,cafe,臺中市,北屯區,崇德路三段,40673臺中市北屯區崇德路三段398號,Mo-Su 07:00-22:30,way,1016516759
星巴克,星巴克,24.1395525,120.5504059,cafe,臺中市,大肚區,沙田路二段,臺中市大肚區沙田路二段178號,Mo-Sa 07:00-21:00,way,1093580760
星巴克,星巴克,24.2305985,120.5732783,cafe,臺中市,沙鹿區,臺灣大道七段,臺中市沙鹿區臺灣大道七段373號,Mo-Su 06:30-21:30,way,1227492734
星巴克,星巴克,24.0228984,120.5421253,cafe,彰化縣,花壇鄉,中山路一段,彰化縣花壇鄉中山路一段349號,Mo-Su 06:30-22:00,way,1342575188
星巴克,星巴克,24.214961,120.5518318,cafe,臺中市,龍井區,沙田路六段,臺中市龍井區沙田路六段339號,Mo-Su 07:00-21:00,way,1350653394
星巴克,星巴克,24.3412418,120.6201515,cafe,臺中市,大甲區,中山路一段,臺中市大甲區中山路一段572號,,way,1420974365
星巴克,星巴克,24.8197963,121.0274002,cafe,新竹縣,竹北市,光明六路東一段,新竹縣竹北市光明六路東一段316號,Mo-Su 06:30-21:00,node,936369017
星巴克,星巴克,24.8084123,121.0405643,cafe,新竹縣,竹北市,高鐵七路,新竹縣竹北市高鐵七路6號一樓,Mo-Su 06:30-22:00,node,936369025
星巴克,星巴克,24.7785278,121.0195828,cafe,新竹市,東區,介壽路,新竹市東區介壽路47號,Mo-Su 06:30-22:00,node,1378014348
星巴克,星巴克,24.7852661,121.0188908,cafe,新竹市,東區,關新路,300新竹市東區關新路38號一樓,Mo-Su 06:30-21:30,node,1683033421
星巴克,星巴克,24.8102369,120.9690925,cafe,新竹市,北區,北大路,新竹市北區北大路109號,06:30-21:30,node,2902899708
Cama,cama,24.820692,121.0269861,cafe,新竹縣,竹北市,光明六路東一段,新竹縣竹北市光明六路東一段251號,,node,2903347545
路易莎,路易莎咖啡,24.8027798,120.9716595,cafe,,,,,,node,2916975596
路易莎,路易莎咖啡,24.784672,120.9996805,cafe,,,,,Mo-Sa 10:00-21:30,node,3387850921
星巴克,星巴克,24.8108211,121.0274204,cafe,新竹縣,竹北市,文興路一段,新竹縣竹北市文興路一段186號,Mo-Su 06:30-21:00,node,4367773925
星巴克,星巴克,24.8681678,121.2181119,cafe,桃園市,龍潭區,北龍路,325桃園市龍潭區北龍路292-1號,Mo-Su 07:00-22:00,node,4515533289
星巴克,星巴克,24.8026983,120.9704557,cafe,新竹市,東區,林森路,新竹市東區林森路18號,Su-Th 07:00-21:30; Fr-Sa 07:00-22:00,node,4551198799
星巴克,星巴克,24.8099352,120.9740811,cafe,新竹市,東區,中央路,300新竹市東區中央路223號一樓,Su-Th 11:00-21:30; Fr-Sa 11:00-22:00,node,4603593991
星巴克,星巴克,24.8153987,121.0243052,cafe,新竹縣,竹北市,自強南路,新竹縣竹北市自強南路182號,Mo-Su 06:30-22:00,node,5134971921
路易莎,路易莎,24.7953351,120.9989404,cafe,新竹市,東區,光復路二段,300新竹市東區光復路二段294號一樓,,node,5160630482
星巴克,星巴克,24.8112122,120.9564677,cafe,新竹市,北區,西大路,新竹市北區西大路687號,07:00-21:30,node,5301083533
丹堤咖啡,,24.8209645,121.0262086,cafe,新竹縣,竹北市,光明六路東一段,新竹縣竹北市光明六路東一段233號,Mo-Su 07:00-21:00,node,5763711119
星巴克,星巴克,24.7971567,120.9966635,cafe,新竹市,東區,光復路二段,新竹市東區光復路二段406號,Mo-Sa 06:30-21:00; Sa-Su 06:30-20:30,node,6246613995
怡客咖啡,怡客咖啡,24.8005743,120.9890294,cafe,新竹市,東區,光復路二段,新竹市東區光復路二段738號,,node,6246614000
Cama,cama,24.8406179,121.0115984,cafe,新竹縣,竹北市,博愛街,新竹縣竹北市博愛街563號,,node,6246614004
路易莎,路易莎咖啡,24.8332874,121.0063082,cafe,新竹縣,竹北市,博愛街,新竹縣竹北市博愛街239號,,node,6246614005
路易莎,路易莎咖啡,24.8084982,121.0331097,cafe,新竹縣,竹北市,文興路二段,新竹縣竹北市文興路二段1號,,node,6246614006
路易莎,路易莎咖啡,24.8740968,120.9944794,cafe,新竹縣,新豐鄉,建興路一段,新竹縣新豐鄉建興路一段155號,Mo-Su 07:00-17:00,node,6246614007
路易莎,路易莎咖啡,24.8185706,121.0235728,cafe,新竹縣,竹北市,成功五街,新竹縣竹北市成功五街76號,,node,6246614008
路易莎,路易莎咖啡,24.7440829,121.0832452,cafe,新竹縣,竹東鎮,長春路三段,新竹縣竹東鎮長春路三段196號,,node,6246614009
路易莎,路易莎咖啡,24.8235055,121.0141786,cafe,新竹縣,竹北市,縣政二路,新竹縣竹北市縣政二路55號,,node,6246614010
路易莎,路易莎咖啡,24.8283114,121.0103324,cafe,新竹縣,竹北市,縣政九路,新竹縣竹北市縣政九路153號,,node,6246614011
路易莎,路易莎咖啡,24.8220198,121.0265293,cafe,新竹縣,竹北市,莊敬五街,新竹縣竹北市莊敬五街38號,Mo-Su 07:00-17:00,node,6246614012
路易莎,路易莎咖啡,24.8304958,121.015821,cafe,新竹縣,竹北市,光明一路,新竹縣竹北市光明一路196號,,node,6246614013
路易莎,路易莎咖啡,24.7867772,121.019476,cafe,新竹市,東區,關新路,新竹市東區關新路158號一樓,,node,6246614014
路易莎,路易莎咖啡,24.8210824,120.9682836,cafe,新竹市,北區,武陵路,新竹市北區武陵路173-3號,,node,6246614015
路易莎,路易莎咖啡,24.7904266,121.0149064,cafe,新竹市,東區,埔頂二路,新竹市東區埔頂二路2號,Mo-Su 07:00-19:00,node,6246614016
路易莎,路易莎咖啡,24.8097315,120.9678737,cafe,新竹市,北區,北大路,新竹市北區北大路162號,,node,6246614017
路易莎,路易莎咖啡,24.7380654,121.093964,cafe,,,,,,node,6845181061
星巴克,星巴克,24.6057574,120.8256088,cafe,苗栗縣,後龍鎮,高鐵三路,苗栗縣後龍鎮校椅里6鄰高鐵三路268號,,node,7440448602
Cama,cama café 新竹巨城店,24.810388,120.9767187,cafe,新竹市,東區,民生路,300新竹市東區民生路129號,,node,8237613302
星巴克,星巴克,24.8190959,120.9697207,cafe,新竹市,北區,湳雅街,新竹市北區湳雅街91-2號一樓,07:00-21:30,node,9029164636
星巴克,星巴克,24.8163114,120.9797151,cafe,新竹市,北區,經國路一段442巷,新竹市北區經國路一段442巷25號,Mo-Fr 07:00-17:30; Sa-Su 07:00-13:00,node,9029164637
星巴克,星巴克,24.8002215,120.9792315,cafe,新竹市,東區,博愛街,新竹市東區博愛街111號,Mo-Su 07:00-21:00,node,9029164638
星巴克,星巴克,24.8015848,120.9646715,cafe,新竹市,北區,西大路,新竹市北區西大路323號一樓,Mo-Su 08:30-22:00,node,9029164639
星巴克,星巴克,24.8610484,121.0123893,cafe,新竹縣,湖口鄉,榮光路,新竹縣湖口鄉榮光路158號,Mo-Su 08:00-21:00,node,9029164640
路易莎,路易莎咖啡,24.7955204,120.9949786,cafe,,,,,,node,9140673217
路易莎,路易莎咖啡,24.6946977,120.9115327,cafe,苗栗縣,頭份市,建國路,苗栗縣頭份市建國路107號,Mo-Su 07:00-19:00,node,9333323074
星巴克,星巴克,24.5634917,120.8134876,cafe,,,,,,node,9385676810
星巴克,星巴克,24.6934738,120.8998232,cafe,,,,,,node,9482906824
路易莎,路易莎咖啡,24.867797,121.2174833,cafe,桃園市,龍潭區,北龍路,桃園市龍潭區北龍路266號,Mo-Su 07:00-21:00,node,9562270268
星巴克,星巴克,24.5660499,120.7596251,cafe,,,,,,node,9681818529
路易莎,路易莎咖啡,24.8094236,120.9774457,cafe,,,,,,node,9974312838
路易莎,路易莎咖啡,24.8943583,121.2760919,cafe,桃園市,大溪區,員林路一段,桃園市大溪區員林路一段280號,,node,9993983357
星巴克,星巴克,24.805368,120.9844661,cafe,新竹市,東區,忠孝路,新竹市東區忠孝路300號一樓,,node,10584246510
星巴克,星巴克,24.8006537,120.9873936,cafe,新竹市,東區,光復路二段,新竹市東區光復路二段321號,Mo-Fr 07:30-19:00; Sa-Su 08:30-17:00,node,10682997709
星巴克,星巴克,24.7908131,121.013607,cafe,,,,,,node,11401048971
路易莎,路易莎咖啡,24.8023749,120.995317,cafe,新竹市,東區,建中路,新竹市東區豐功里7鄰建中路71號,,node,11636599721
星巴克,星巴克咖啡,24.7805347,120.9981921,cafe,,,,,Mo-Fr 07:30-19:00; Sa-Su off,node,11725971044
星巴克,星巴克,24.8230187,121.0236013,cafe,新竹縣,竹北市,莊敬北路,新竹縣竹北市莊敬北路18號七樓,Mo-Th 11:00-21:30; Fr-Su 11:00-22:00,node,11985099080
星巴克,星巴克,24.8051142,120.9712995,cafe,新竹市,東區,文化街,新竹市東區文化街8號,Mo-Su 07:00-22:00,way,289187435
星巴克,星巴克,24.8698284,120.9968698,cafe,新竹縣,新豐鄉,新興路,新竹縣新豐鄉新興路202號,Mo-Su 07:00-22:00,way,361403176
星巴克,星巴克,24.8311112,121.0127611,cafe,新竹縣,竹北市,光明一路,新竹縣竹北市光明一路372號,Mo-Su 06:30-21:30,way,439149849
星巴克,星巴克,24.7907315,121.0134719,cafe,新竹市,東區,埔頂二路,新竹市東區埔頂二路71號,Mo-Su 06:30-21:30,way,971883358
星巴克,星巴克,24.77616,121.0752724,cafe,新竹縣,芎林鄉,文德路,新竹縣芎林鄉文德路5號,Mo-Su 07:00-21:00,way,1062232633
星巴克,星巴克,24.8958191,121.0417216,cafe,新竹縣,湖口鄉,中山路一段,新竹縣湖口鄉中山路一段601號,Mo-Su 07:00-22:00,way,1292613454
星巴克,星巴克,24.7337548,121.0921017,cafe,新竹縣,竹東鎮,中山路,新竹縣竹東鎮中山路48號,Mo-Su 07:00-21:00,way,1292806247
星巴克,星巴克,24.81032,121.0334351,cafe,新竹縣,竹北市,嘉豐南路一段,新竹縣竹北市嘉豐南路一段100號,Mo-Su 06:30-21:00,way,1347717273
星巴克,星巴克,24.8835227,121.2851301,cafe,桃園市,大溪區,普濟路,桃園市大溪區普濟路37-2號,"Mo-Fr 07:00-19:00; Sa, Su 07:00-20:00",way,1388416249
星巴克,星巴克,24.4037591,120.6636984,cafe,苗栗縣,苑裡鎮,,苗栗縣苑裡鎮山柑105之2號,Mo-Su 07:00-21:00,way,1446643112
路易莎,Louisa Coffee 路易莎咖啡,24.800343,120.9774244,cafe,新竹市,東區,公園路,新竹市東區公園路133號一樓,Tu-Su 09:00-17:00,way,1530244627
星巴克,星巴克,25.0162526,121.3049423,cafe,,,,,,node,615759898
星巴克,星巴克,25.0013758,121.2289232,cafe,,,,,,node,1265312575
星巴克,星巴克,25.0402193,121.2951124,cafe,,,,,,node,1455760853
星巴克,星巴克,24.9724243,121.2533527,cafe,,,,,,node,1699673355
星巴克,星巴克,24.9632142,121.2235133,cafe,桃園市,中壢區,九和二街,32085桃園市中壢區九和二街13號1樓,Su-Th 06:30-22:30; Fr-Sa 06:30-23:00,node,1900432881
星巴克,星巴克,24.9898319,121.3139741,cafe,,,,,,node,1911706790
星巴克,星巴克,24.9622886,121.2251379,cafe,桃園市,中壢區,元化路,32085桃園市中壢區元化路305號1樓,Mo-Su 06:30-22:30,node,2125568597
Cama,cama咖啡,24.9553248,121.2256253,cafe,,,,,,node,2125626853
星巴克,星巴克,25.0132358,121.2152732,cafe,,,,,,node,2898556814
星巴克,星巴克,24.955984,121.2248191,cafe,桃園市,中壢區,中山路,32041桃園市中壢區中山路138號1樓,Su-Th 06:30-22:30; Fr-Sa 06:30-23:00,node,3785979368
星巴克,星巴克,24.964188,121.2575822,cafe,,,,,,node,4335831138
星巴克,星巴克,25.077086,121.2330325,cafe,,,,,,node,4524863950
Cama,cama café,24.9632248,121.223435,cafe,桃園市,中壢區,九和二街,32085桃園市中壢區九和二街9號,Mo-Fr 07:30-20:00; Sa-Su 09:00-21:00,node,5213821522
星巴克,星巴克,24.9944582,121.3020546,cafe,,,,,,node,5269647601
星巴克,星巴克,24.985009,121.285667,cafe,,,,,,node,5300492122
星巴克,星巴克,24.993124,121.3131249,cafe,,,,,,node,5313799645
星巴克,星巴克,25.0117557,121.2985922,cafe,桃園市,桃園區,大興西路二段76巷,桃園市桃園區大興西路二段76巷6號,Mo-Su 07:00-20:30,node,5449485548
星巴克,星巴克,25.0146493,121.3005785,cafe,,,,,,node,5612907922
路易莎,路易莎咖啡,25.0164294,121.2963688,cafe,桃園市,桃園區,中埔六街,桃園市桃園區中埔六街32號,,node,5819611717
星巴克,星巴克,24.9571719,121.2408305,cafe,,,,,,node,5889456293
路易莎,路易莎咖啡,24.9920277,121.3028382,cafe,,,,,,node,6079170293
路易莎,路易莎咖啡,24.9648733,121.2965324,cafe,,,,,,node,6172831780
星巴克,星巴克,24.990242,121.311518,cafe,,,,,,node,6172831810
星巴克,星巴克,24.9648157,121.2988234,cafe,,,,,,node,6366861325
路易莎,路易莎咖啡,25.0010898,121.2042245,cafe,桃園市,中壢區,領航南路一段,桃園市中壢區領航南路一段73號,Mo-Su 08:00-21:00,node,6720093288
星巴克,星巴克,25.0532102,121.2885876,cafe,桃園市,蘆竹區,南崁路一段,,,node,6779687925
路易莎,路易莎咖啡,24.9961737,121.294885,cafe,桃園市,桃園區,正光路,桃園市桃園區正光路181號,Mo-Su 07:00-21:00,node,6835198787
星巴克,星巴克,24.9569096,121.2030441,cafe,,,,,,node,6839576975
星巴克,星巴克,24.988832,121.3143799,cafe,,,,,,node,6861080698
路易莎,路易莎咖啡,24.9745495,121.2557495,cafe,桃園市,中壢區,忠孝路,桃園市中壢區忠孝路83號,Mo-Fr 07:00-20:30,node,7076473176
星巴克,星巴克,24.9995306,121.2881149,cafe,,,,,,node,7432051373
星巴克,星巴克,24.9521743,121.3473163,cafe,,,,,,node,7775679334
路易莎,路易莎咖啡,24.958579,121.1704227,cafe,桃園市,中壢區,民族路五段,桃園市中壢區民族路五段308號,,node,7984708242
路易莎,路易莎咖啡,24.9647241,121.3052783,cafe,桃園市,八德區,忠勇六街,桃園市八德區忠勇六街3號,,node,8412255585
星巴克,星巴克,25.0252264,121.3014829,cafe,,,,,Mo-Su 07:00-21:00,node,9314738246
路易莎,路易莎咖啡,25.0226118,121.2934809,cafe,桃園市,桃園區,莊敬路二段,桃園市桃園區莊敬路二段47號,,node,9314796042
路易莎,路易莎咖啡,25.01386,121.3045627,cafe,桃園市,桃園區,大興西路一段,桃園市桃園區大興西路一段179-1號,,node,9314796073
路易莎,路易莎咖啡(桃園埔心店),24.9189144,121.1837512,cafe,桃園市,楊梅區,永美路,32654桃園市楊梅區永美路235號,07:00-19:30,node,9363069618
路易莎,路易莎咖啡,24.9598371,121.2933787,cafe,,,,,,node,9404141666
路易莎,路易莎咖啡,25.0088159,121.3114657,cafe,,,,,,node,9468616070
星巴克,星巴克,24.9935383,121.3313441,cafe,桃園市,龜山區,萬壽路二段,桃園市龜山區萬壽路二段1202號,Mo-Su 07:00-21:30,node,9481377347
路易莎,路易莎咖啡,24.9119771,121.1456256,cafe,桃園市,楊梅區,大成路,326桃園市楊梅區大成路165號,07:00-21:00,node,9553478472
路易莎,路易莎咖啡,24.9881474,121.2879683,cafe,桃園市,桃園區,國聖一街,桃園市桃園區國聖一街2號,,node,9564966997
路易莎,路易莎咖啡,25.0400502,121.2930947,cafe,桃園市,蘆竹區,南福街,桃園市蘆竹區南福街101號,Mo-Su 07:30-22:00,node,9584394819
路易莎,路易莎咖啡,25.0473828,121.2991557,cafe,桃園市,龜山區,南祥路,桃園市龜山區南祥路81之1號,,node,9596383880
路易莎,路易莎咖啡,24.9135164,121.1461522,cafe,,,,,,node,9684702612
路易莎,路易莎咖啡,24.9296066,121.2891697,cafe,桃園市,八德區,興豐路,桃園市八德區興豐路416號,Mo-Su 07:00-21:00,node,9719845107
路易莎,路易莎咖啡,24.9926806,121.3119367,cafe,桃園市,桃園區,中正路,桃園市桃園區中正路103號,,node,9789619362
路易莎,路易莎咖啡,24.9581058,121.2257231,cafe,桃園市,中壢區,復興路,桃園市中壢區復興路17號,Mo-Su 07:00-22:00,node,10244589069
路易莎,路易莎咖啡,24.9559057,121.2229114,cafe,桃園市,中壢區,延平路,桃園市中壢區延平路536號,,node,10713473014
星巴克,星巴克,24.9688959,121.2501197,cafe,桃園市,中壢區,中華路一段,桃園市中壢區中華路一段669號,,node,10723664235
路易莎,路易莎咖啡,24.9670159,121.1906809,cafe,,,,,,node,10772624476
路易莎,路易莎咖啡（八德建德門市）,24.9281119,121.2815337,cafe,桃園市,八德區,建德路,桃園市八德區建德路188號,Mo-Su 07:00-18:00,node,10910042977
Cama,cama café,24.981742,121.311608,cafe,桃園市,桃園區,建新街,桃園市桃園區建新街139號,Mo-Su 07:30-19:00,node,11047692858
星巴克,星巴克,25.0026191,121.3138174,cafe,桃園市,桃園區,春日路,桃園市桃園區春日路372號,,node,11070649579
星巴克,星巴克,25.0616016,121.1756999,cafe,,,,,,node,11140369237
路易莎,路易莎咖啡,25.0107211,121.3196415,cafe,,,,,Mo-Su 07:00-18:00,node,11669035806
星巴克,星巴克,25.0780099,121.2308241,cafe,,,,,,node,11768036568
路易莎,路易莎咖啡,24.9948817,121.3011635,cafe,,,,,,node,12384218078
路易莎,路易莎咖啡,24.9603085,121.2991169,cafe,桃園市,八德區,廣福路20巷,桃園市八德區大慶里14鄰廣福路20巷54號,,node,12438080545
路易莎,路易莎咖啡,24.9968996,121.318424,cafe,,,,,,node,12584730691
Cama,Cama Cafe,25.0157683,121.3126599,cafe,桃園市,桃園區,大興路,桃園市桃園區大興路211號,,node,12925171097
星巴克,星巴克,24.9697786,121.3330258,cafe,新北市,鶯歌區,鶯歌路,新北市鶯歌區鶯歌路167號,,node,13273357030
路易莎,Louisa,24.9716151,121.2337574,cafe,桃園市,中壢區,南園二路,桃園市中壢區南園二路81號,,node,13566080701
路易莎,路易莎咖啡,24.9625004,121.2553671,cafe,,,,,,node,13879391702
星巴克,星巴克,24.9542666,121.2343637,cafe,桃園市,中壢區,中北路二段,320桃園市中壢區中北路二段468號B1樓,Mo-Su 07:30-21:30,node,14048312027
路易莎,路易莎咖啡,24.9625557,121.232149,cafe,桃園市,中壢區,中華路二段,320桃園市中壢區中華路二段501號一樓,,node,14050448300
星巴克,星巴克,24.9537897,121.2978786,cafe,桃園市,八德區,介壽路二段,桃園市八德區大和里17鄰介壽路二段148號,,node,14197144101
星巴克,星巴克,24.9110502,121.1743157,cafe,桃園市,楊梅區,中山北路二段,桃園市楊梅區中山北路二段287號,,way,456155119
星巴克,星巴克,24.9886391,121.2865982,cafe,,,,,Mo-Su 06:30-20:00,way,679676448
星巴克,星巴克,24.9086402,121.1568516,cafe,桃園市,楊梅區,中山北路一段,桃園市楊梅區中山里17鄰中山北路一段338號,,way,1033538064
星巴克,星巴克,25.0214431,121.263696,cafe,桃園市,蘆竹區,大竹路,桃園市蘆竹區大竹路430-1號,,way,1052064359
星巴克,星巴克,25.0032719,121.2056081,cafe,桃園市,中壢區,高鐵南路二段,桃園市中壢區高鐵南路二段231號,Mo-Sa 07:00-22:00,way,1097666900
星巴克,星巴克,24.9286964,121.2814576,cafe,桃園市,八德區,興豐路,桃園市八德區興豐路138號,,way,1174195435
星巴克,星巴克,24.982291,121.3188583,cafe,桃園市,桃園區,桃鶯路,桃園市桃園區桃鶯路192-1號,,way,1334640217
星巴克,星巴克,25.0636033,121.1938443,cafe,桃園市,大園區,華興路,桃園市大園區華興路37號,,way,1561065698
星巴克,星巴克,25.0770534,121.3745565,cafe,新北市,林口區,文化二路一段,244新北市林口區文化二路一段551號,Mo-Su 07:00-22:30,node,1929944058
星巴克,星巴克,25.0893668,121.4892166,cafe,,,,,,node,2207845685
路易莎,路易莎咖啡,25.0351673,121.4488247,cafe,新北市,新莊區,中正路,242新北市新莊區中正路285號,Mo-Sa 07:00-22:00,node,2395778707
星巴克,星巴克,24.9475716,121.3797951,cafe,新北市,樹林區,大雅路,23854新北市樹林區大雅路288號,Mo-Su 06:30-22:00,node,2413063627
星巴克,星巴克,24.9969311,121.4864226,cafe,,,,,,node,2614385431
星巴克,星巴克,24.9984473,121.487483,cafe,,,,,,node,2614385434
星巴克,星巴克,25.0287601,121.4735959,cafe,新北市,板橋區,雙十路二段,220新北市板橋區雙十路二段193號,Su-Th 07:00-23:00; Fr-Sa 07:00-23:30,node,2638377053
星巴克,星巴克,25.0083286,121.460091,cafe,,,,,,node,2716998341
星巴克,星巴克,25.0143815,121.4640188,cafe,,,,,,node,2717052415
星巴克,星巴克,25.1683462,121.4441595,cafe,新北市,淡水區,公明街,251新北市淡水區公明街89號,Mo-Fr 07:00-22:30; Sa-Su 07:30-22:30,node,2909069806
星巴克,星巴克,25.1822066,121.4137349,cafe,新北市,淡水區,觀海路,251新北市淡水區觀海路91號,,node,2914262902
丹堤咖啡,丹堤咖啡,25.169669,121.4417975,cafe,,,,,,node,2930465706
星巴克,星巴克,25.0489451,121.4475621,cafe,,,,,,node,2971153824
路易莎,路易莎咖啡,25.1670881,121.4465099,cafe,,,,,,node,3006495333
星巴克,星巴克,25.0203602,121.4666927,cafe,新北市,板橋區,文化路一段,220002新北市板橋區文化路一段220號,Mo-Fr 07:00-21:30; Sa-Su 07:30-21:30,node,3245728374
路易莎,路易莎咖啡,25.0198451,121.4655951,cafe,新北市,板橋區,文化路一段,220031新北市板橋區文化路一段309之37號1樓,Mo-Su 07:00-22:00,node,3292775578
路易莎,路易莎咖啡,24.990923,121.4254782,cafe,新北市,樹林區,博愛一街,238新北市樹林區博愛一街18號,,node,3322781396
星巴克,星巴克,25.0881792,121.459628,cafe,,,,,,node,3350431790
星巴克,星巴克,25.0728718,121.364915,cafe,新北市,林口區,文化三路一段,244新北市林口區文化三路一段359號,Mo-Su 07:00-22:30,node,3384221911
星巴克,星巴克,25.0597984,121.3688735,cafe,桃園市,龜山區,復興北路,桃園市龜山區復興北路1號,06:30-22:00,node,3423152877
路易莎,路易莎咖啡,25.0027718,121.4965305,cafe,,,,,,node,3439380030
丹堤咖啡,丹堤咖啡,25.0180698,121.4785793,cafe,新北市,板橋區,中山路二段,220079新北市板橋區中山路二段242號,Mo-Su 07:00-22:00,node,3624471054
星巴克,星巴克,24.9888136,121.4220429,cafe,新北市,樹林區,中山路一段,23844新北市樹林區中山路一段157號,,node,3640956920
怡客咖啡,怡客咖啡,25.0297674,121.4718456,cafe,,,,,,node,3682801677
星巴克,星巴克,24.9444632,121.3772685,cafe,新北市,三峽區,學成路,237新北市三峽區學成路317號,Mo-Su 07:00-22:00,node,3707814401
星巴克,星巴克,25.0357356,121.4500374,cafe,,,,,,node,3710948054
路易莎,路易莎咖啡,25.0768653,121.3741589,cafe,,,,,,node,3722267486
丹堤咖啡,丹堤咖啡,24.9462066,121.3799229,cafe,新北市,樹林區,大雅路,23854新北市樹林區大雅路275號,07:00-21:30,node,3731275465
星巴克,星巴克,24.9865366,121.4650412,cafe,新北市,土城區,金城路三段,236新北市土城區金城路三段11號,,node,3785975810
星巴克,星巴克,25.0223026,121.4720478,cafe,新北市,板橋區,萬板路,220新北市板橋區萬板路32號,,node,4122381689
星巴克,星巴克,25.0265398,121.4175814,cafe,新北市,新莊區,中正路,242050新北市新莊區中正路702號一樓,Mo-Fr 07:00-21:30; Sa-Su 07:30-21:30,node,4156554947
星巴克,星巴克,25.0070582,121.4752066,cafe,新北市,中和區,中山路三段,235008新北市中和區中山路三段122號,Mo-Su 10:30-22:00,node,4258229823
星巴克,星巴克,25.0008693,121.4973512,cafe,新北市,中和區,連城路,新北市中和區連城路71號1樓,,node,4338058540
星巴克,星巴克,25.0616324,121.4886886,cafe,,,,,,node,4446911291
路易莎,路易莎咖啡,25.0403527,121.3886793,cafe,桃園市,龜山區,文青路,333613桃園市龜山區文青路199號一樓,Mo-Su-Th 07:00-21:00,node,4699309216
星巴克,星巴克,24.998652,121.456946,cafe,新北市,板橋區,遠東路,220新北市板橋區遠東路1號,,node,4727092985
星巴克,星巴克,25.04126,121.4453841,cafe,新北市,新莊區,新泰路,242新北市新莊區新泰路308號,,node,4820442014
星巴克,星巴克,25.0579894,121.3659467,cafe,,,,,,node,4825406703
星巴克,星巴克,25.0514513,121.4280393,cafe,,,,,,node,4895547277
路易莎,路易莎咖啡,25.0662409,121.3616555,cafe,新北市,林口區,文化三路一段,244015新北市林口區文化三路一段2;302號三樓,11:00-21:30,node,4937872371
星巴克,星巴克,25.0334836,121.4983976,cafe,臺北市,萬華區,西園路一段306巷,108021臺北市萬華區西園路一段306巷24、26號,Mo-Fr 07:00-21:30; Sa-Su 07:30-21:30,node,5129807585
星巴克,星巴克,25.0535147,121.4602943,cafe,新北市,新莊區,思源路,24251新北市新莊區思源路488號,,node,5160603238
星巴克,星巴克,24.9967381,121.4525398,cafe,新北市,板橋區,南雅南路二段,,,node,5263069993
星巴克,星巴克,25.087372,121.4712017,cafe,,,,,,node,5280999825
路易莎,路易莎咖啡,25.1681236,121.447603,cafe,新北市,淡水區,學府路,251新北市淡水區學府路24號,,node,5403564287
路易莎,路易莎咖啡,25.1372917,121.459789,cafe,新北市,淡水區,民權路,25173新北市淡水區民權路38號,Mo-Su 07:00-22:00,node,5534938268
路易莎,路易莎咖啡,25.060614,121.4929665,cafe,新北市,三重區,重新路三段,24143新北市三重區重新路三段94號,Mo-Su 07:00-21:00,node,5563819319
路易莎,路易莎咖啡,25.0591289,121.3695146,cafe,,,,,,node,5624488646
星巴克,星巴克,25.18497,121.4440646,cafe,,,,,,node,5637016809
星巴克,星巴克,24.995774,121.4282724,cafe,新北市,樹林區,樹新路,238007新北市樹林區樹新路40-6號一樓,,node,5687173437
路易莎,路易莎咖啡,24.9868922,121.4507728,cafe,,,,,Mo-Su 09:00-22:00,node,5707073557
星巴克,星巴克,25.0790531,121.4820371,cafe,,,,,,node,5871618054
星巴克,星巴克,25.1247256,121.4669691,cafe,台北市,北投區,大度路三段296巷,112台北市北投區大度路三段296巷45號一樓,,node,5980540982
星巴克,星巴克,24.9833648,121.4589408,cafe,新北市,土城區,青雲路,236新北市土城區青雲路152號一樓,"Mo-Fr 07:30-22:00, Sa-Su 08:00-22:00",node,5998320824
路易莎,路易莎咖啡,25.0354099,121.498974,cafe,,,,,,node,6060092206
路易莎,路易莎咖啡,25.0684418,121.4993111,cafe,新北市,三重區,三和路二段,241新北市三重區三和路二段156號,,node,6139877686
路易莎,路易莎咖啡,25.0263561,121.4179491,cafe,新北市,新莊區,中正路,242052新北市新莊區中正路879-1號一樓,,node,6140772383
路易莎,路易莎,25.0533154,121.4548114,cafe,,,,,,node,6182991541
路易莎,路易莎咖啡,25.0117078,121.4687125,cafe,新北市,板橋區,區運路,220680新北市板橋區區運路105號,Mo-Su 07:00-21:00,node,6434859442
路易莎,路易莎咖啡,25.0107531,121.4638726,cafe,新北市,板橋區,新民街,220073新北市板橋區新民街43號1樓,Mo-Su 07:00-09:00,node,6437532100
路易莎,路易莎咖啡,25.0072094,121.4598449,cafe,,,,,Mo-Su 08:00-19:00,node,6440290229
星巴克,星巴克,25.0321151,121.432028,cafe,新北市,新莊區,中正路,242新北市新莊區中正路518號,Mo-Fr 07:00-22:00; Sa-Su 08:00-22:00,node,6467402885
星巴克,星巴克,25.0433167,121.4676206,cafe,新北市,三重區,重新路五段,241017新北市三重區重新路五段654號一樓,,node,6480711085
路易莎,路易莎咖啡,25.0321712,121.4501328,cafe,新北市,新莊區,新泰路,242004新北市新莊區新泰路2-21號一樓,,node,6485838027
路易莎,路易莎咖啡,25.0264472,121.4942557,cafe,臺北市,萬華區,寶興街,108035臺北市萬華區寶興街71號,Mo-Su 07:00-17:00,node,6720843996
路易莎,路易莎咖啡,24.9904275,121.4229246,cafe,新北市,樹林區,中山路一段,238新北市樹林區中山路一段115號,,node,6813742609
路易莎,路易莎咖啡,24.9870428,121.4505059,cafe,,,,,,node,6859215686
路易莎,路易莎咖啡,25.073985,121.3804729,cafe,,,,,,node,6907606642
丹堤咖啡,,25.0089823,121.4585927,cafe,,,,,,node,6939050385
星巴克,星巴克,25.0659657,121.4966348,cafe,新北市,三重區,正義北路,241新北市三重區正義北路140號,,node,7365964002
路易莎,路易莎咖啡LOUISA COFFEE,25.0626899,121.4995301,cafe,新北市,三重區,重新路二段,241新北市三重區重新路二段12號,,node,7368631849
路易莎,路易莎咖啡,24.9431162,121.3746004,cafe,,,,,,node,7759800301
路易莎,路易莎咖啡,25.0557779,121.4338382,cafe,,,,,,node,7944510028
Cama,cama café,24.9977698,121.4533227,cafe,新北市,板橋區,南雅南路二段,220新北市板橋區南雅南路二段21號B1樓,,node,7977181276
路易莎,路易莎咖啡,25.0309592,121.4729429,cafe,新北市,板橋區,文化路二段,220新北市板橋區文化路二段367號,,node,7981635277
Cama,cama café,25.0313375,121.4738816,cafe,新北市,板橋區,文化路二段,220新北市板橋區文化路二段402號,,node,7981635278
路易莎,路易莎咖啡,25.0127027,121.4755786,cafe,新北市,板橋區,民生路一段,220077新北市板橋區民生路一段35號,Mo-Su 07:00-17:00,node,8003776683
路易莎,路易莎咖啡,25.0151098,121.479329,cafe,新北市,板橋區,三民路二段,220082新北市板橋區三民路二段141號,Mo-Su 07:00-21:00,node,8018096080
Cama,cama café 新莊幸福店,25.0492884,121.4511422,cafe,,,,,,node,8237590334
Cama,cama café 新莊新泰店,25.04134,121.4455191,cafe,,,,,,node,8237592766
路易莎,路易莎咖啡,25.0176248,121.4279611,cafe,,,,,,node,8780196617
路易莎,路易莎咖啡,24.9782899,121.444875,cafe,新北市,土城區,中央路二段61巷,236030新北市土城區中央路二段61巷37號一樓E9,,node,9108436623
星巴克,星巴克,24.9786251,121.4443918,cafe,新北市,土城區,學府路二段,236030新北市土城區學府路二段210號一樓D5,,node,9108436642
路易莎,路易莎咖啡,25.054709,121.4452963,cafe,新北市,新莊區,中原路,242030新北市新莊區中原路558號,Mo-Su 07:00-20:00,node,9160335256
星巴克,星巴克,25.0020754,121.4607517,cafe,,,,,,node,9229352490
路易莎,路易莎咖啡,25.0240893,121.4606778,cafe,,,,,,node,9336807036
路易莎,路易莎咖啡,25.0617721,121.4835741,cafe,新北市,三重區,中華路,241新北市三重區中華路41號一樓,Mo-Su 07:00-21:00,node,9365697651
路易莎,路易莎咖啡,25.0494457,121.4556102,cafe,,,,,,node,9385907806
路易莎,路易莎咖啡,25.0836913,121.4917215,cafe,,,,,,node,9413227026
路易莎,路易莎咖啡,25.0420044,121.4248379,cafe,,,,,,node,9459411433
路易莎,路易莎咖啡,25.182787,121.4461809,cafe,,,,,,node,9662178512
星巴克,星巴克,25.059448,121.3655328,cafe,桃園市,龜山區,文化二路,桃園市龜山區文化二路11-5號,,node,9830052892
路易莎,路易莎咖啡,25.0177099,121.4695966,cafe,新北市,板橋區,縣民大道二段,220003新北市板橋區縣民大道二段277號1樓,Mo-Su 07:00-21:00,node,9843008452
路易莎,路易莎咖啡,24.9804905,121.4589241,cafe,,,,,,node,9867275827
路易莎,路易莎咖啡,25.0749789,121.369281,cafe,,,,,,node,9909537926
路易莎,路易莎咖啡,25.069975,121.3712211,cafe,,,,,,node,9909537927
路易莎,路易莎咖啡,25.0731253,121.3643939,cafe,,,,,,node,9909537928
路易莎,路易莎咖啡,25.0580701,121.3646564,cafe,,,,,,node,9909537929
路易莎,路易莎咖啡,25.0605423,121.3701329,cafe,,,,,,node,9909537930
丹堤咖啡,丹堤咖啡,25.076627,121.375264,cafe,,,,,,node,9955245402
星巴克,星巴克,25.0695912,121.365702,cafe,,,,,,node,9957563606
路易莎,路易莎咖啡,24.9984129,121.4470694,cafe,,,,,,node,9960769495
星巴克,星巴克,25.0138899,121.467006,cafe,新北市,板橋區,新站路,新北市板橋區新站路28號九樓,Mo-Su 11:00-22:00,node,10720229135
路易莎,路易莎咖啡,25.0076302,121.4612157,cafe,新北市,板橋區,重慶路,220067新北市板橋區重慶路32號,Mo-Su 07:00-21:00,node,11061673340
Cama,cama café,25.0123311,121.4755835,cafe,新北市,板橋區,板新路,220075新北市板橋區板新路1號,Mo-Fr 07:30-19:00; Sa-Su 08:00-18:00,node,11096920819
星巴克,星巴克,25.0234887,121.4689412,cafe,新北市,板橋區,文化路一段,220792新北市板橋區文化路一段360號,Mo-Sa 07:00-21:30; Su 07:30-21:30,node,11141086488
路易莎,路易莎咖啡,25.0001119,121.4878772,cafe,,,,,,node,11773856175
路易莎,路易莎咖啡,25.0016013,121.4553226,cafe,,,,,,node,11815982620
星巴克,Starbucks Reserve,25.0596587,121.4497045,cafe,,,,,,node,12167425799
路易莎,路易莎咖啡,25.0717599,121.4945195,cafe,新北市,三重區,三和路三段,新北市三重區三和路三段84號,Mo-Fr 07:00-17:00; Sa-Su 08:00-17:00,node,12181417500
路易莎,路易莎咖啡,24.9830543,121.465694,cafe,,,,,,node,13321758841
星巴克,星巴克,24.9442941,121.3746017,cafe,新北市,三峽區,大學路,新北市三峽區大學路148之1號,Mo-Su 07:00-21:00,node,13426388887
星巴克,星巴克,25.0552748,121.4830486,cafe,新北市,三重區,捷運路,新北市三重區捷運路60號,,node,13426388889
星巴克,星巴克,25.0660574,121.361388,cafe,新北市,林口區,文化三路一段,新北市林口區文化三路一段2號,Mo-Su 07:00-22:00,node,13426388890
Cama,CAMA CAFE 蘆洲中山店,25.0815524,121.4720711,cafe,,,,,,node,13535823701
星巴克,星巴克,25.1714594,121.4371331,cafe,新北市,淡水區,中正路,251新北市淡水區中正路205號,Mo-Fr 08:00-22:30; Sa-Su 07:30-22:30,way,297729587
星巴克,星巴克,25.1808715,121.4282668,cafe,,,,,,way,297831034
星巴克,星巴克,25.0183083,121.4053622,cafe,桃園市,龜山區,萬壽路一段,333026桃園市龜山區萬壽路一段166號,Mo-Su 07:00-21:30,way,414220695
路易莎,LOUISA COFFEE 路易．莎咖啡,25.0304038,121.4346904,cafe,新北市,新莊區,建國一路,242新北市新莊區建國一路55號,Mo-Sa 08:00-22:00,way,431645639
星巴克,星巴克,25.1550434,121.4588949,cafe,新北市,淡水區,中正東路二段,新北市淡水區中正東路二段68號,Mo-Su 07:30-21:30,way,833098540
星巴克,星巴克,25.081457,121.3813164,cafe,新北市,林口區,中山路,新北市林口區中山路369號,Mo-Su 07:00-21:00,way,1049822374
星巴克,星巴克,25.0014124,121.4978471,cafe,新北市,中和區,,,Mo-Sa 07:00-21:00,way,1377475859
星巴克,星巴克,25.0670852,121.3559583,cafe,新北市,林口區,文化北路一段,244018新北市林口區文化北路一段38號,,way,1489379174
星巴克,星巴克,25.0217357,121.5412623,cafe,臺北市,大安區,辛亥路二段,106031臺北市大安區辛亥路二段175號1樓,"Mo-Fr 06:30-20:00; Sa,Su 06:30-19:00",node,469620172
星巴克,星巴克,25.0174739,121.5318717,cafe,臺北市,大安區,羅斯福路三段,106臺北市大安區羅斯福路三段301號,Mo-Su 07:30-18:00,node,469620173
星巴克,星巴克,25.0424,121.5130319,cafe,臺北市,中正區,重慶南路一段,10045臺北市中正區重慶南路一段104號,Mo-Su 07:00-22:00,node,469812997
星巴克,星巴克,25.0316247,121.5610251,cafe,台北市,信義區,莊敬路,台北市信義區莊敬路168號1樓,,node,569951361
星巴克,星巴克,25.0138141,121.5303101,cafe,,,,,Mo-Su 07:30-19:30,node,736470054
星巴克,星巴克,25.0835684,121.5461965,cafe,,,,,,node,1720016588
星巴克,星巴克,25.0580903,121.6131236,cafe,,,,,,node,1720282435
星巴克,星巴克,25.0572563,121.6119437,cafe,,,,,,node,1720282437
怡客咖啡,怡客咖啡,25.0293023,121.5187691,cafe,臺北市,中正區,南昌路一段,10078臺北市中正區南昌路一段155號,Mo-Su 07:00-22:30,node,1735966199
星巴克,星巴克,25.0823274,121.5670778,cafe,,,,,,node,1832923214
星巴克,星巴克,25.0810067,121.5704747,cafe,,,,,,node,1837961146
星巴克,星巴克,25.1165285,121.5162299,cafe,,,,,,node,1843811036
星巴克,星巴克,25.0419973,121.5317058,cafe,臺北市,中正區,忠孝東路二段134巷,100臺北市中正區忠孝東路二段134巷2號,,node,1973476982
星巴克,星巴克,25.0687002,121.5929029,cafe,,,,,,node,1992113481
星巴克,星巴克,25.0835841,121.5567636,cafe,,,,,,node,1993453983
星巴克,星巴克,25.0790356,121.5732871,cafe,台北市,內湖區,洲子街,114台北市內湖區洲子街48號,,node,1995088872
星巴克,星巴克,25.069864,121.6116445,cafe,,,,,,node,2077766640
路易莎,路易莎咖啡,24.9572084,121.537861,cafe,新北市,新店區,北宜路一段,新北市新店區北宜路一段26號,,node,2089570241
星巴克,星巴克,25.0335768,121.5438371,cafe,,,,,,node,2137219932
丹堤咖啡,丹堤咖啡,25.0622543,121.5344846,cafe,,,,,,node,2144323914
丹堤咖啡,丹堤咖啡,25.0638231,121.5334677,cafe,,,,,,node,2147393714
星巴克,星巴克,25.0522357,121.5372151,cafe,臺北市,中山區,南京東路三段,台北市中山區南京東路三段1號,"Mo-Th 07:30-23:00, Fr-Sa 07:00-02:30, Su 07:30-23:00",node,2150409176
丹堤咖啡,丹堤咖啡,25.0582765,121.5329057,cafe,,,,,,node,2157329681
星巴克,星巴克,25.057789,121.5329171,cafe,台北市,中山區,松江路,104台北市中山區松江路210號,Mo-Su 07:00-21:30,node,2157329683
星巴克,星巴克,25.0753481,121.5761791,cafe,台北市,內湖區,瑞光路,114台北市內湖區瑞光路216號,"Mo-Fr 07:00-21:00, Sa-Su 08:00-21:00",node,2171113414
怡客咖啡,怡客咖啡廳,25.0601382,121.5333903,cafe,,,,,,node,2188405251
星巴克,星巴克,24.9677035,121.5412514,cafe,,,,,,node,2209949971
Cama,cama,25.0517229,121.5393682,cafe,台北市,中山區,南京東路三段,台北市中山區南京東路三段82號,,node,2244030053
星巴克,星巴克,24.9878062,121.5756956,cafe,,,,,,node,2316045625
星巴克,星巴克,25.0267975,121.5229484,cafe,臺北市,大安區,和平東路一段,10643臺北市大安區和平東路一段2號,Mo-Sa 06:30-22:30; Su 07:00-22:30,node,2318382198
星巴克,星巴克,25.1362244,121.5043235,cafe,臺北市,北投區,光明路,11246臺北市北投區光明路218-4號,Mo-Su 07:00-22:30,node,2320119248
星巴克,星巴克,25.045572,121.5163987,cafe,臺北市,中正區,南陽街,10047臺北市中正區南陽街1號2樓,Mo-Su 07:30-22:00,node,2326365546
星巴克,星巴克,25.0424137,121.5567345,cafe,臺北市,,,,,node,2376980936
丹堤咖啡,丹堤咖啡,24.9762674,121.5352393,cafe,,,,,,node,2378064453
星巴克,星巴克,25.0441022,121.5074794,cafe,,,,,,node,2406854839
星巴克,星巴克,25.0254814,121.5491387,cafe,臺北市,大安區,敦化南路二段,106臺北市大安區敦化南路二段263號,,node,2415942438
丹堤咖啡,丹堤咖啡,25.0473022,121.5422783,cafe,,,,,,node,2456412703
星巴克,星巴克,24.9925758,121.544338,cafe,台北市,文山區,景興路,116台北市文山區景興路185號,,node,2462837884
路易莎,路易莎,25.0471863,121.5419465,cafe,,,,,,node,2527532993
星巴克,星巴克,25.0513922,121.5537929,cafe,,,,,,node,2633698769
Cama,cama cafe,25.0482857,121.5345958,cafe,台北市,中山區,長安東路二段,104台北市中山區長安東路二段94號,,node,2642013889
星巴克,星巴克,25.119599,121.5297737,cafe,,,,,,node,2651775309
路易莎,路易莎,25.0296979,121.5294509,cafe,台北市,大安區,金華街,106台北市大安區金華街150號,,node,2676809065
星巴克,星巴克,24.9777108,121.5455469,cafe,,,,,,node,2690923542
星巴克,星巴克,25.0294874,121.5024943,cafe,台北市,萬華區,西藏路,108台北市萬華區西藏路123號,,node,2713545226
星巴克,星巴克,25.0608366,121.6481582,cafe,新北市,汐止區,新台五路一段,221新北市汐止區新台五路一段94號,07:00-20:30,node,2756550041
Cama,Cama Cafe,25.0522379,121.5334584,cafe,臺北市,中山區,南京東路二段,104臺北市中山區中央里8鄰南京東路二段111之2號,"Mo-Fr 07:30-19:00,PH,Sa-Su  08:00-19:00",node,2886397157
星巴克,星巴克,25.0431614,121.5047486,cafe,臺北市,萬華區,成都路,10844臺北市萬華區成都路87號,,node,2918743089
星巴克,星巴克,25.045208,121.5055625,cafe,,,,,,node,2926240045
星巴克,星巴克,25.0332718,121.5297467,cafe,台北市,大安區,永康街,台北市永康街2號2樓,,node,2952479190
星巴克,星巴克,25.0255745,121.5436781,cafe,臺北市,大安區,復興南路二段,台北市大安區復興南路二段275號1樓,"PH,Mo-Su 07:00-21:30",node,2962738779
星巴克,星巴克,25.0470719,121.5666613,cafe,,,,,,node,2965491625
Cama,cama cafe,25.0328078,121.5491909,cafe,,,,,,node,3002381564
星巴克,星巴克,25.0460314,121.5180644,cafe,,,,,,node,3006036109
路易莎,路易莎咖啡,24.9930323,121.5419064,cafe,臺北市,文山區,景中街,臺北市文山區景中街13號,Mo-Fr 07:00-15:00,node,3033188230
星巴克,星巴克,25.0805052,121.5651469,cafe,台北市,內湖區,基湖路,114台北市內湖區基湖路25號,Mo-Fr 07:00-20:00; Sa-Su 07:30-19:00,node,3037218938
星巴克,星巴克,24.9886688,121.5669367,cafe,臺北市,文山區,木柵路三段,116臺北市文山區木柵路三段75號,,node,3104851759
星巴克,星巴克,24.9964631,121.5208655,cafe,,,,,,node,3116012537
路易莎,路易莎咖啡,25.0946382,121.5237476,cafe,,,,,,node,3133627742
丹堤咖啡,丹堤咖啡,25.0948808,121.5233115,cafe,台北市,士林區,中正路,111台北市士林區中正路296號,,node,3136818011
Cama,Cama,25.053693,121.5339282,cafe,台北市,中山區,四平街,104台北市中山區四平街65號,,node,3144956272
星巴克,星巴克,24.9897509,121.5100992,cafe,,,,,,node,3162391180
Cama,cama 現烘咖啡專門店,25.0479588,121.556178,cafe,,,,,,node,3196909458
星巴克,星巴克,25.047979,121.5504392,cafe,,,,,Mo-Su 07:00-21:30,node,3196909471
路易莎,路易莎咖啡,25.0732277,121.6065416,cafe,台北市,內湖區,成功路五段,114台北市內湖區成功路五段466號,,node,3232608897
星巴克,星巴克,24.9587034,121.5376779,cafe,新北市,新店區,北宜路一段,231新北市新店區北宜路一段2號二樓,Mo-Su 06:30-22:00,node,3255439259
星巴克,星巴克,25.0254647,121.5372871,cafe,,,,,,node,3257173965
星巴克,星巴克,25.0380187,121.5690055,cafe,台北市,信義區,松仁路,110台北市信義區松仁路7號,,node,3298035188
星巴克,星巴克,25.0413101,121.5482331,cafe,,,,,Mo-Sa 07:00-22:00,node,3304641852
星巴克,星巴克,25.0073175,121.5069854,cafe,,,,,,node,3326707139
怡客咖啡,Ikari Coffee,25.0461275,121.5185728,cafe,臺北市,中正區,忠孝西路一段,100臺北市中正區忠孝西路一段39號,,node,3505143794
星巴克,星巴克,25.0784318,121.5695328,cafe,台北市,內湖區,瑞光路,114台北市內湖區瑞光路476號,,node,3507106800
星巴克,星巴克,25.0449739,121.5309674,cafe,,,,,,node,3525956679
路易莎,路易莎咖啡,25.0517556,121.5357438,cafe,臺北市,中山區,南京東路二段,104臺北市中山區南京東路二段206號,,node,3550647797
路易莎,路易莎咖啡,25.0012853,121.5003932,cafe,新北市,中和區,中和路,新北市中和區中和路55號1樓,,node,3557795447
星巴克,星巴克,25.0445517,121.525244,cafe,臺北市,中正區,忠孝東路一段,10049臺北市中正區忠孝東路一段31號1樓,Mo-Fr 07:00-22:00; Sa-Su 07:30-22:00,node,3581160294
Cama,cama café,25.0354701,121.5081683,cafe,臺北市,中正區,廣州街,100057臺北市中正區廣州街10號,Mo-Fr 07:30-20:00; Sa-Su 09:00-17:00,node,3597899312
星巴克,星巴克,25.0339819,121.5748963,cafe,,,,,,node,3633921418
星巴克,星巴克,25.1176987,121.5224067,cafe,台北市,北投區,振興街,112台北市北投區振興街37號,,node,3661070225
丹堤咖啡,丹堤咖啡,25.0309816,121.5294491,cafe,臺北市,大安區,永康街,106007臺北市大安區永康街22號,,node,3665505025
星巴克,星巴克,25.0324676,121.5544166,cafe,臺北市,大安區,文昌街,106臺北市大安區文昌街209號,,node,3674336842
星巴克,星巴克,25.0235995,121.5281878,cafe,,,,,,node,3693598197
怡客咖啡,怡客咖啡,25.0494103,121.5332058,cafe,台北市,中山區,松江路,104台北市中山區松江路71號,,node,3727895635
路易莎,路易莎咖啡,25.0286465,121.539497,cafe,台北市,大安區,建國南路二段151巷,106台北市大安區建國南路二段151巷40號,,node,3743078430
星巴克,星巴克,25.0516206,121.5636071,cafe,台北市,松山區,南京東路五段,105台北市松山區南京東路五段171號,,node,3748706225
怡客咖啡,Ikari Coffee,25.0951989,121.5260975,cafe,台北市,士林區,中正路,111台北市士林區中正路231號,,node,3752248525
星巴克,星巴克,25.057932,121.5217467,cafe,臺北市,中山區,民生西路,104臺北市中山區民生西路7號一樓,Mo-Sa 06:30-22:00; Su 08:00-21:30,node,3811440918
路易莎,路易莎咖啡,25.0572861,121.5190852,cafe,,,,,,node,3811445879
Cama,cama café現烘咖啡,25.0384438,121.5678748,cafe,台北市,信義區,松仁路,110台北市信義區松仁路32號,,node,3826206858
星巴克,星巴克,24.9739748,121.5380347,cafe,,,,,,node,3826874910
星巴克,星巴克,24.9818867,121.561041,cafe,,,,,,node,3835342099
星巴克,星巴克,25.0818152,121.5232496,cafe,,,,,,node,3857683728
丹堤咖啡,丹堤咖啡,25.0480133,121.5661685,cafe,,,,,,node,3881926859
星巴克,星巴克,25.0460831,121.5140907,cafe,臺北市,中正區,懷寧街,10047臺北市中正區懷寧街10號1樓,Mo-Su 07:00-22:00,node,3887310082
Cama,Cama咖啡,25.0403302,121.5325571,cafe,,,,,,node,3887820747
怡客咖啡,怡客咖啡,25.0260216,121.5057531,cafe,,,,,,node,3888838522
星巴克,星巴克,25.0324104,121.5169244,cafe,臺北市,中正區,南海路,100055臺北市中正區南海路20號,Mo-Fr 06:30-21:00; Sa-Su 07:00-21:00,node,3891208752
路易莎,路易莎咖啡,25.0345325,121.5073841,cafe,臺北市,中正區,延平南路,100057臺北市中正區延平南路214號,Mo-Fr 07:00-18:00,node,3924749031
路易莎,路易莎咖啡,25.0081044,121.513845,cafe,,,,,,node,3979685204
星巴克,星巴克,25.0539051,121.5139985,cafe,臺北市,大同區,南京西路,103005臺北市大同區南京西路288號,Mo-Su 07:30-22:00,node,3992053164
怡客咖啡,怡客咖啡,25.1158727,121.515332,cafe,,,,,,node,4018209442
星巴克,星巴克,25.0526422,121.5444712,cafe,台北市,松山區,慶城街,台北市松山區慶城街1號,Mo-Fr 07:00-21:00; Sa-Su 07:30-21:00,node,4018210302
怡客咖啡,怡客咖啡,25.052949,121.5468861,cafe,台北市,松山區,南京東路三段303巷8弄,105台北市松山區南京東路三段303巷8弄1號,,node,4031296843
怡客咖啡,怡客咖啡,25.055421,121.5444103,cafe,,,,,,node,4031296844
星巴克,星巴克,24.9825481,121.5407565,cafe,,,,,,node,4033147902
路易莎,路易莎,25.0577582,121.5633606,cafe,,,,,,node,4050767734
星巴克,星巴克,25.0528405,121.6074834,cafe,臺北市,南港區,忠孝東路七段,115011臺北市南港區忠孝東路七段369號一樓,,node,4114407189
星巴克,星巴克,25.0449236,121.5149045,cafe,臺北市,中正區,館前路,100臺北市中正區館前路26號,,node,4118443953
星巴克,星巴克,25.0245506,121.5245881,cafe,臺北市,大安區,羅斯福路二段,106012臺北市大安區羅斯福路二段107號1、2樓、109號1樓,Mo-Su 07:30-21:00,node,4149587182
路易莎,路易莎咖啡,25.04399,121.5135596,cafe,臺北市,中正區,重慶南路一段,100414臺北市中正區重慶南路一段77之2號,Mo-Su 07:30-18:00,node,4150685052
星巴克,星巴克,25.0619801,121.5437743,cafe,,,,,,node,4236823737
星巴克,星巴克,25.0490531,121.5782646,cafe,台北市,信義區,松山路,110台北市信義區松山路11號,,node,4265554689
Cama,Cama,25.0291618,121.5624043,cafe,,,,,,node,4298924388
星巴克,星巴克,25.0382671,121.5555276,cafe,,,,,,node,4298940677
星巴克,星巴克,25.0623035,121.6501593,cafe,,,,,,node,4302072916
Cama,卡馬咖啡,25.0505958,121.5167192,cafe,臺北市,大同區,承德路一段,10349臺北市大同區承德路一段30號,"Mo-Fr 07:30-20:00, Sa-Su 09:00-19:00",node,4317096442
星巴克,星巴克,25.0728983,121.575783,cafe,,,,,,node,4332194890
星巴克,星巴克,25.0621411,121.5405717,cafe,,,,,,node,4340727654
路易莎,路易莎,25.032898,121.538245,cafe,,,,,,node,4344472256
星巴克,星巴克,24.9831063,121.5377994,cafe,,,,,,node,4384259009
星巴克,星巴克,25.0729515,121.6062124,cafe,,,,,,node,4396244189
星巴克,星巴克,25.048579,121.5326649,cafe,台北市,中山區,松江路,104台北市中山區松江路54號,,node,4430791893
路易莎,路易莎咖啡,25.0037743,121.6013468,cafe,新北市,深坑區,北深路三段,222新北市深坑區北深路三段204號,,node,4515327791
丹堤咖啡,丹堤咖啡,25.0322396,121.5162881,cafe,臺北市,中正區,南昌路一段,10075臺北市中正區南昌路一段16號,,node,4520745127
路易莎,路易莎咖啡,24.9833651,121.5376626,cafe,,,,,Mo-Su 07:00-22:30,node,4524344004
星巴克,星巴克,25.0680893,121.6608121,cafe,,,,,,node,4524863604
Cama,Cama,25.0816015,121.5711709,cafe,,,,,,node,4642421494
星巴克,星巴克,24.8277121,121.7726477,cafe,宜蘭縣,礁溪鄉,礁溪路五段,26243宜蘭縣礁溪鄉礁溪路五段118號,Su-Th 07:30-22:00; Fr-Sa 07:30-23:00,node,4776417348
路易莎,路易莎咖啡,25.0863985,121.5094007,cafe,臺北市,士林區,,,,node,4782154746
路易莎,路易莎咖啡,25.1081599,121.8056117,cafe,,,明燈路三段,,Mo-Su 07:00-20:00,node,4785607425
Cama,,25.0396358,121.5498989,cafe,,,,,,node,4796521423
路易莎,路易莎咖啡,25.1329411,121.5000498,cafe,,,,,,node,4810840722
路易莎,路易莎咖啡,25.0635405,121.5199411,cafe,,,,,Mo-Fr 07:00-19:00; Sa-Su 08:00-16:00,node,4832102524
星巴克,星巴克,25.0172119,121.5448338,cafe,,,,,Mo-Su 07:00-21:30,node,4834803706
怡客咖啡,怡客咖啡,25.0419869,121.5099684,cafe,,,,,,node,4838087644
星巴克,星巴克,25.0832156,121.5542853,cafe,,,,,,node,4840875521
路易莎,路易莎咖啡,24.9654277,121.5404418,cafe,,,,,,node,4940829251
路易莎,路易莎咖啡,25.0531366,121.5189411,cafe,台北市,大同區,南京西路,104台北市大同區南京西路65號一樓,,node,4943766920
星巴克,星巴克,25.0593356,121.5132683,cafe,臺北市,大同區,保安街,103010臺北市大同區保安街11號,Mo-Su 07:00-22:30,node,4945133722
路易莎,路易莎咖啡,24.9886447,121.5667677,cafe,台北市,文山區,木柵路三段,116台北市文山區木柵路三段63號,,node,5015984540
路易莎,路易莎咖啡,24.9958711,121.5408535,cafe,臺北市,文山區,羅斯福路六段,116臺北市文山區羅斯福路六段146號,Mo-Fr 07:00-21:00; Sa-Su 07:30-21:00,node,5083921530
星巴克,星巴克,24.7542892,121.7514616,cafe,,,,,,node,5109042273
Cama,Cama,25.0171709,121.5321497,cafe,,,,,,node,5109347793
Cama,cama café,25.0337858,121.5343316,cafe,臺北市,大安區,信義路三段,106090臺北市大安區信義路三段25號,Mo-Fr 07:30-17:00; Sa-Su 08:00-17:00,node,5110245073
怡客咖啡,Ikari Cafe,25.0339059,121.5541716,cafe,,,,,,node,5110348764
星巴克,星巴克,25.0538786,121.5493457,cafe,,,,,,node,5110348809
怡客咖啡,Ikari Coffee,25.0604058,121.5238399,cafe,台北市,中山區,錦州街,104台北市中山區錦州街3號,,node,5110489746
星巴克,星巴克,25.1151418,121.5275658,cafe,,,,,,node,5110501348
路易莎,路易莎咖啡,25.0289209,121.5023115,cafe,,,,,,node,5136762157
路易莎,路易莎咖啡,25.0945621,121.5471135,cafe,台北市,士林區,臨溪路,111台北市士林區臨溪路70號,Mo-Sa 07:00-20:00,node,5151430122
Cama,Cama,25.0544435,121.5425528,cafe,,,,,,node,5156583921
星巴克,星巴克,25.0573689,121.5476291,cafe,,,,,,node,5160220671
Cama,cama Coffee,25.0516989,121.5617032,cafe,臺北市,松山區,南京東路五段,105臺北市松山區東光里33鄰南京東路五段141號,"Mo-Fr 07:30-19:30, PH,Sa-Su 08:00-18:00",node,5168755424
丹堤咖啡,丹堤咖啡,25.1122037,121.5303869,cafe,台北市,士林區,士東路,111台北市士林區士東路130號,,node,5201386121
星巴克,星巴克,25.0292252,121.5495995,cafe,,,,,,node,5220512997
星巴克,星巴克,25.1124433,121.5307065,cafe,台北市,士林區,士東路,111台北市士林區士東路123號,,node,5242546023
路易莎,路易莎咖啡,25.1022259,121.5242662,cafe,台北市,士林區,福國路,111台北市士林區福國路38號,,node,5280941221
路易莎,路易莎咖啡,24.99896,121.5581837,cafe,,,,,,node,5286867838
路易莎,路易莎咖啡,25.0584415,121.5558537,cafe,,,,,,node,5391353365
星巴克,星巴克,24.6786866,121.7685311,cafe,宜蘭縣,羅東鎮,興東路,宜蘭縣羅東鎮興東路97號,Mo-Su 07:00-21:30,node,5403620045
星巴克,星巴克,25.12151,121.7212227,cafe,,,,,Mo-Su 07:00-21:30,node,5425937951
路易莎,路易莎咖啡,25.0331541,121.5445887,cafe,,,,,,node,5483729839
丹堤咖啡,丹堤咖啡,25.0335806,121.5425527,cafe,,,,,,node,5551835426
Cama,cama現烘咖啡專門店,25.0332014,121.542132,cafe,臺北市,大安區,信義路三段,106臺北市大安區信義路三段174號,,node,5551844221
丹堤咖啡,丹堤咖啡,25.0416708,121.5796246,cafe,,,,,,node,5585775156
星巴克,星巴克,25.053938,121.5259814,cafe,臺北市,中山區,林森北路,104臺北市中山區林森北路247號一樓,,node,5599657102
星巴克,星巴克,25.0133528,121.5152629,cafe,新北市,永和區,永和路二段,234新北市永和區永和路二段181號,,node,5739420401
星巴克,星巴克,25.0802164,121.5604454,cafe,,,,,,node,5775185923
怡客咖啡,怡客咖啡,25.020718,121.5461776,cafe,,,,,,node,5849573415
路易莎,,25.1169167,121.5318644,cafe,,,,,,node,5891986485
路易莎,路易莎咖啡,25.035329,121.568109,cafe,,,,,,node,5923254086
星巴克,星巴克,25.0334267,121.5650556,cafe,,,,,,node,5923256285
怡客咖啡,怡客咖啡,25.0793904,121.5678133,cafe,臺北市,內湖區,瑞光路,114臺北市內湖區瑞光路508號一樓,Mo-Sa 07:00-21:00; Su 07:00-18:00,node,5948124626
星巴克,星巴克,25.0355967,121.5245316,cafe,,,,,,node,5951203876
路易莎,路易莎咖啡,25.0482661,121.5466496,cafe,台北市,松山區,長安東路二段,105台北市松山區長安東路二段429號,,node,5982354385
星巴克,星巴克,25.0521318,121.5483459,cafe,,,,,,node,6026910808
路易莎,路易莎咖啡,25.0115003,121.5153054,cafe,,,,,,node,6126379843
路易莎,路易莎咖啡,25.0040788,121.5145696,cafe,,,,,,node,6127437883
路易莎,路易莎咖啡,25.0080023,121.5138147,cafe,,,,,,node,6127437884
路易莎,路易莎咖啡,25.0040841,121.517207,cafe,,,,,,node,6130126781
路易莎,路易莎咖啡,25.0461089,121.5166099,cafe,臺北市,中正區,忠孝西路一段,10041臺北市中正區忠孝西路一段38號B1樓,Mo-Su 11:00-22:00,node,6134452977
路易莎,路易莎咖啡,25.0640555,121.6526813,cafe,,,,,,node,6164026292
路易莎,路易莎,25.0707162,121.5190123,cafe,,,,,,node,6326925486
路易莎,路易莎咖啡,25.0843889,121.5944472,cafe,,,,,,node,6353691307
路易莎,路易莎,25.045333,121.5436417,cafe,台北市,中山區,復興南路一段,104台北市中山區復興南路一段42號,,node,6354698705
路易莎,路易莎,25.0427523,121.5442083,cafe,,,,,,node,6354698763
Cama,cama,25.0427553,121.5441486,cafe,,,,,,node,6354698765
路易莎,路易莎咖啡,25.0604067,121.5239135,cafe,,,,,,node,6380761386
星巴克,星巴克,25.0783677,121.5841521,cafe,,,,,,node,6385692665
Cama,Cama,25.0479204,121.5458542,cafe,,,,,,node,6413241121
Cama,Cama Café,25.0118659,121.5172603,cafe,,,,,,node,6422613968
星巴克,星巴克,25.0459089,121.5444383,cafe,,,,,,node,6429684170
星巴克,星巴克,25.0516569,121.5437698,cafe,,,,,,node,6553170176
路易莎,路易莎咖啡,25.0496174,121.5792127,cafe,,,,,Mo-Su 07:00-22:00,node,6577001213
路易莎,路易莎咖啡,25.0483182,121.5338798,cafe,台北市,中山區,長安東路二段,104台北市中山區長安東路二段78之1號,,node,6682102617
路易莎,路易莎咖啡,25.0866906,121.5616402,cafe,,,,,,node,6843949706
路易莎,路易莎咖啡,25.0270586,121.5253851,cafe,,,,,,node,6936432803
路易莎,路易莎咖啡,25.0795779,121.5726637,cafe,,,,,,node,6942478488
星巴克,星巴克,25.0347262,121.5621268,cafe,,,,,,node,6978419885
Cama,豆留森林,25.1382742,121.5467807,cafe,,,,,,node,6989671716
星巴克,星巴克,25.037781,121.5058302,cafe,臺北市,萬華區,桂林路,108412臺北市萬華區桂林路1號,Mo-Su 07:30-22:00,node,7047358868
路易莎,路易莎咖啡,25.2213545,121.6381026,cafe,新北市,金山區,中山路,208新北市金山區中山路184號,Mo-Fr 07:00-18:00; Sa-Su 07:00-19:00,node,7057494585
怡客咖啡,怡客咖啡,25.0431833,121.5264405,cafe,臺北市,中正區,杭州南路一段,100024臺北市中正區杭州南路一段8-2號一樓2,"Mo-Fr 07:00-21:30; Sa-Su, PH 07:00-18:00",node,7207321831
星巴克,星巴克,25.0417213,121.5515053,cafe,,,,,,node,7211952420
星巴克,星巴克,25.1375263,121.5437099,cafe,,,,,,node,7226694685
星巴克,星巴克,25.0474432,121.5173481,cafe,,,,,,node,7235632164
路易莎,路易莎咖啡,24.9932634,121.5173769,cafe,新北市,中和區,大仁街19巷,新北市中和區大仁街19巷10號,"Mo-Fr 07:30-20:00; Sa,Su 08:00-20:00",node,7254602085
路易莎,路易莎咖啡,25.0145667,121.5379231,cafe,臺北市,大安區,羅斯福路四段,臺北市大安區羅斯福路四段1號,Mo-Sa 08:00-20:00,node,7330746360
路易莎,路易莎咖啡,25.0781902,121.5762523,cafe,,,,,,node,7506735186
星巴克,星巴克,25.1191209,121.5295481,cafe,,,,,,node,7614240685
路易莎,路易莎,24.9802995,121.5417988,cafe,,,,,,node,7689995464
路易莎,路易莎咖啡,25.0358819,121.5246154,cafe,,,,,,node,7734563456
星巴克,星巴克,25.062621,121.5201423,cafe,,,,,,node,7786748173
路易莎,路易莎咖啡,25.0526693,121.6058765,cafe,臺北市,南港區,忠孝東路七段,115011臺北市南港區忠孝東路七段369號一樓,,node,7849377517
星巴克,星巴克,25.0527318,121.6067626,cafe,臺北市,南港區,忠孝東路七段,115011臺北市南港區忠孝東路七段371號B1樓,Mo-Su 09:00-21:00,node,7849449243
路易莎,路易莎咖啡,25.0337815,121.5280298,cafe,,,,,,node,7984625783
Cama,cama café,24.9906533,121.503864,cafe,新北市,中和區,景安路,235新北市中和區景安路214號,,node,7987894313
路易莎,路易莎咖啡,25.06099,121.5435859,cafe,台北市,中山區,復興北路380巷,104台北市中山區復興北路380巷8號,,node,7987894315
路易莎,路易莎咖啡,24.9831867,121.5338667,cafe,,,,,,node,8024462005
路易莎,路易莎咖啡,25.0917944,121.5213908,cafe,臺北市,士林區,基河路,111臺北市士林區基河路250號,Mo-Su 07:30-21:30,node,8117974017
星巴克,星巴克,25.0436268,121.5238856,cafe,,,,,,node,8189249399
星巴克,星巴克,25.1313674,121.7382283,cafe,,,,,,node,8398028114
路易莎,路易莎咖啡,25.0549482,121.6059297,cafe,臺北市,南港區,興華路,115028臺北市南港區興華路28號一樓,Mo-Fr 07:30-17:30; Sa 08:00-17:00; Su 09:00-15:00,node,8441425922
路易莎,路易莎咖啡,25.1190409,121.5221351,cafe,,,,,,node,8922062696
星巴克,星巴克,25.0720916,121.5189541,cafe,,,,,,node,8935314343
路易莎,路易莎咖啡,25.0550681,121.5237893,cafe,,,,,,node,8945848016
路易莎,路易莎咖啡,25.0413042,121.5659332,cafe,臺北市,信義區,忠孝東路五段,臺北市信義區忠孝東路五段33號一樓,"Mo-Fr 07:00-21:00; Sa,Su 07:00-21:00",node,9364864622
路易莎,路易莎咖啡,25.0557035,121.5210253,cafe,,,,,Mo-Su 07:00-21:00,node,9375696093
星巴克,星巴克,25.0585708,121.5624841,cafe,臺北市,松山區,民生東路五段,105臺北市松山區三民里13鄰民生東路五段150之1號,,node,9483165417
路易莎,路易莎咖啡,25.0426921,121.5398383,cafe,,,,,,node,9488711542
Cama,cama café,25.0436899,121.5268808,cafe,臺北市,中正區,杭州南路一段,100024臺北市中正區杭州南路一段1號一樓,Mo-Su 07:30-17:00,node,9504555263
星巴克,星巴克,25.0962445,121.516251,cafe,,,,,,node,9520198452
路易莎,路易莎,24.8259142,121.7715246,cafe,,,,,,node,9526446307
星巴克,星巴克,25.0268206,121.5291964,cafe,臺北市,大安區,和平東路一段,106010臺北市大安區和平東路一段129之1號,"Mo-Fr 07:30-19:00; Sa,Su 07:30-18:00",node,9550892943
路易莎,路易莎咖啡,25.0285332,121.5643497,cafe,臺北市,信義區,莊敬路325巷,110臺北市信義區莊敬路325巷36號1F樓,Mo-Su 07:00-17:00,node,9631979143
路易莎,路易莎咖啡,25.0414191,121.5176209,cafe,,,,,,node,9652119424
丹堤咖啡,丹堤咖啡,25.0334545,121.5072347,cafe,,,,,,node,9725205260
星巴克,星巴克,24.995123,121.5053311,cafe,,,,,,node,9741363500
星巴克,星巴克,25.0841032,121.5943083,cafe,,,,,,node,9742922397
路易莎,路易莎咖啡,24.9682824,121.5414812,cafe,,,,,,node,9773292986
路易莎,路易莎咖啡,24.9733265,121.5396197,cafe,,,,,,node,9776303094
Cama,cama,25.0459017,121.5108269,cafe,臺北市,中正區,延平南路,臺北市中正區延平南路15號,,node,9850794431
路易莎,Louisa Coffee 路易．莎咖啡,25.0657142,121.6558835,cafe,,,,,Mo-Su 07:30-21:00,node,9854838087
路易莎,路易莎咖啡,25.1221741,121.7211414,cafe,,,,,Mo-Su 07:00-16:00,node,9886327125
路易莎,路易莎咖啡,25.0332741,121.5383088,cafe,,,,,,node,9894794483
路易莎,路易莎咖啡,25.0955097,121.5259791,cafe,,,,,,node,9960842245
路易莎,路易莎咖啡,25.0374607,121.5053813,cafe,,,,,,node,9971709148
Cama,Cama Cafe 四號公園店,25.0031276,121.5132983,cafe,新北市,中和區,中安街,新北市中和區中安街24號,Mo-Fr 07:30-18:00; Sa-Su 08:00-19:00,node,10001028018
星巴克,星巴克,24.8617413,121.828346,cafe,宜蘭縣,頭城鎮,青雲路三段,宜蘭縣頭城鎮青雲路三段396號,Mo-Su 07:30-21:00,node,10172637165
路易莎,路易莎咖啡,25.0427388,121.5127842,cafe,臺北市,中正區,沅陵街,100003臺北市中正區沅陵街6號,,node,10177513418
路易莎,路易莎咖啡,25.0280523,121.5479105,cafe,,,,,,node,10226938268
路易莎,路易莎咖啡,25.0527872,121.5456935,cafe,,,,,,node,10316007587
路易莎,路易莎咖啡,25.0832257,121.6992252,cafe,基隆市,七堵區,福五街,基隆市七堵區福五街28號,,node,10635394139
怡客咖啡,怡客咖啡,25.0405433,121.5624882,cafe,,,,,,node,10680156309
路易莎,路易莎咖啡,25.0405524,121.5622012,cafe,,,,,,node,10680156328
路易莎,路易莎咖啡,25.0504432,121.5802974,cafe,,,,,,node,10721743372
路易莎,路易莎咖啡,25.0497566,121.5177458,cafe,,,,,,node,10976424993
Cama,cama café,24.6785284,121.769709,cafe,,,,,,node,11158796572
星巴克,星巴克,24.7579592,121.7566869,cafe,,,,,,node,11174848929
路易莎,路易莎咖啡,25.0321753,121.5159333,cafe,臺北市,中正區,南海路,100055臺北市中正區南海路36號,Mo-Su 07:00-21:00,node,11243785217
路易莎,路易莎咖啡,25.0529819,121.6161235,cafe,,,,,Mo-Su 07:00-21:00,node,11254397591
路易莎,路易莎咖啡,25.025665,121.5237476,cafe,臺北市,大安區,羅斯福路二段,106012臺北市大安區羅斯福路二段83之1號1樓,Mo-Su 07:30-20:00,node,11271702532
路易莎,路易莎咖啡,25.1231656,121.5319591,cafe,臺北市,士林區,中山北路七段141巷,111臺北市士林區天母里8鄰中山北路七段141巷2之1號,,node,11307888019
路易莎,路易莎咖啡,25.042382,121.5293236,cafe,,,,,,node,11311415372
路易莎,路易莎咖啡,25.0602842,121.5746793,cafe,,,,,,node,11407270269
路易莎,路易莎咖啡,25.0420239,121.5647357,cafe,臺北市,信義區,基隆路一段,臺北市信義區基隆路一段188之1號,Mo-Fr 07:00-16:00; Sa 08:00-16:00; Su off,node,11413955777
星巴克,星巴克,25.0480292,121.5661323,cafe,,,,,Mo-Fr 07:00-18:00,node,11415760491
路易莎,Louisa Coffee,25.0687116,121.5851864,cafe,臺北市,內湖區,民權東路六段,臺北市內湖區民權東路六段72號,"Mo-Fr 07:30-18:00; Sa,Su 08:30-18:00",node,11693466773
星巴克,星巴克,25.0647999,121.5255438,cafe,,,,,,node,11761371168
怡客咖啡,,24.9960085,121.5830903,cafe,,,,,,node,11833118557
路易莎,路易莎咖啡,24.9941773,121.5052868,cafe,,,,,,node,11967479092
Cama,cama café,25.0256272,121.5285469,cafe,臺北市,大安區,師大路,106311臺北市大安區師大路11號,"Mo-Fr 07:30-16:00; Sa,Su 08:00-16:00",node,12070739256
路易莎,路易莎咖啡,25.0147208,121.5431415,cafe,,,,,,node,12174967078
Cama,Cama,25.0449285,121.5838854,cafe,,,,,,node,12177694738
怡客咖啡,怡客咖啡,25.0421734,121.5124473,cafe,臺北市,中正區,衡陽路,100臺北市中正區建國里1鄰衡陽路38號,,node,12185852074
星巴克,星巴克,24.9670251,121.54151,cafe,,,,,,node,12198749831
路易莎,路易莎 市民門市,25.0433201,121.5571885,cafe,臺北市,大安區,光復南路,104臺北市大安區光復南路102號華視光復大樓1樓,,node,12374943357
路易莎,路易莎咖啡,25.0513659,121.5567335,cafe,,,,,,node,12517900427
路易莎,路易莎咖啡,25.0407669,121.6129932,cafe,臺北市,南港區,研究院路二段,115臺北市南港區研究院路二段130號,"Mo-Fr 07:00-19:00, Sa-Su 08:00-19:00",node,12531330992
Cama,Cama,25.03118,121.5599966,cafe,臺北市,信義區,吳興街,110臺北市信義區景聯里15鄰吳興街42號,,node,12622924542
星巴克,星巴克,25.1887851,121.6835519,cafe,新北市,萬里區,玉田,新北市萬里區玉田45-6號,Mo-Su 08:00-19:30,node,12635987514
路易莎,路易莎咖啡,24.9897406,121.5089259,cafe,,,,,,node,12769540190
路易莎,路易莎咖啡,24.9730857,121.5299965,cafe,,,,,,node,12769767102
路易莎,Louisa,24.9901863,121.5006122,cafe,,,,,,node,12785993563
路易莎,路易莎咖啡,25.0518501,121.5283218,cafe,臺北市,中山區,南京東路二段,104臺北市中山區興亞里24鄰南京東路二段6號,,node,12822571710
星巴克,星巴克,25.0372671,121.5545063,cafe,,,,,,node,12863602371
路易莎,路易莎咖啡,25.0419479,121.5546361,cafe,,,,,,node,12925078410
路易莎,路易莎咖啡,25.0250087,121.5437877,cafe,臺北市,大安區,和平東路二段,106臺北市大安區群賢里5鄰和平東路二段257號,,node,12976937917
路易莎,路易莎咖啡,25.0258325,121.5620193,cafe,,,,,,node,13356996170
星巴克,星巴克,25.0635092,121.5896973,cafe,臺北市,內湖區,石潭路,臺北市內湖區石潭路153號,,node,13426388886
路易莎,路易莎咖啡,25.0395278,121.55184,cafe,臺北市,大安區,仁愛路四段151巷,臺北市大安區仁愛路四段151巷25號,,node,13505525701
Cama,Cama 咖啡,25.0393868,121.5518498,cafe,,,,,,node,13505525801
路易莎,路易莎咖啡(寶慶店),25.0421049,121.5098843,cafe,,,,,,node,13523027702
星巴克,星巴克,25.0411929,121.5539414,cafe,臺北市,大安區,忠孝東路四段,106臺北市大安區車層里9鄰忠孝東路四段230號,,node,13563403901
星巴克,星巴克,25.0310185,121.5492204,cafe,臺北市,大安區,敦化南路二段,106臺北市大安區敦化南路二段59號,,node,13580286101
路易莎,路易莎咖啡,25.0240428,121.5519347,cafe,臺北市,大安區,基隆路二段,106臺北市大安區基隆路二段190-1號,,node,13580292502
路易莎,路易莎咖啡,25.0248692,121.5490826,cafe,臺北市,大安區,敦化南路二段,106臺北市大安區敦化南路二段277號,,node,13580304501
星巴克,星巴克,25.0539859,121.6055538,cafe,,,,,,node,13911717992
星巴克,星巴克,25.0532327,121.5923439,cafe,,,,,,node,13911937747
星巴克,星巴克,25.052641,121.5195487,cafe,,,,,,node,13926600548
路易莎,路易莎咖啡,25.0390625,121.5222605,cafe,,,,,,node,14062941126
Cama,Cama Cafe,25.0496807,121.5228021,cafe,,,,,,node,14127616969
星巴克,星巴克,24.75238,121.7564692,cafe,宜蘭縣,宜蘭市,宜興路一段,260宜蘭縣宜蘭市宜興路一段159號,,node,14177534114
星巴克,星巴克,25.1311605,121.7447073,cafe,基隆市,中正區,義一路,202基隆市中正區義一路14號,Su-Th 07:00-22:30; Fr-Sa 07:00-23:30,way,533176632
星巴克,星巴克,25.1362389,121.5429295,cafe,臺北市,士林區,國泰街,,Mo-Su 08:00-20:00,way,587071180
星巴克,星巴克,25.0191451,121.9449035,cafe,新北市,貢寮區,福隆街,新北市貢寮區福隆街41號,,way,700983653
路易莎,路易莎,25.1379121,121.5030084,cafe,,,,,,way,730667588
星巴克,星巴克,24.685238,121.771304,cafe,宜蘭縣,羅東鎮,中正北路124巷,宜蘭縣羅東鎮信義里中正北路124巷1號,Mo-Su 08:00-20:00,way,1136405242
