統一編號,分店名稱,設立日期,設立年,區域,縣市,鄉鎮市區,營業地址,資本額
68057296,汐止,2017-11-03,2017,北部,新北市,汐止區,新北市汐止區復興里新台五路一段１８３號,0
68059766,新光保險小舖,2017-11-06,2017,北部,臺北市,中正區,臺北市中正區黎明里忠孝西路１段５０號（１樓）,0
68060736,圓山,2017-11-08,2017,北部,臺北市,大同區,臺北市大同區至聖里酒泉街３５號１樓,0
68056310,德行西,2017-11-15,2017,北部,臺北市,士林區,臺北市士林區德行里德行西路３６號（１樓、２樓）,0
68184602,景美,2017-11-17,2017,北部,臺北市,文山區,臺北市文山區景仁里羅斯福路六段１４６號１樓,0
68466975,民權西,2017-12-06,2017,北部,臺北市,中山區,臺北市中山區集英里民權西路３、５號（１─３樓）,0
69363667,新海,2018-03-14,2018,北部,新北市,板橋區,新北市板橋區新翠里雨農路５８號（１樓）,0
69412858,興豐,2018-03-31,2018,北部,桃園市,八德區,桃園市八德區興仁里興豐路４１６號,0
69440762,永春,2018-04-25,2018,北部,臺北市,信義區,臺北市信義區廣居里忠孝東路５段４５８號（１樓）,0
42721634,桃園郵驛,2018-05-09,2018,北部,桃園市,桃園區,桃園市桃園區文化里中正路１０３號１樓部分,0
42724631,文心森林,2018-05-21,2018,中部,臺中市,南屯區,臺中市南屯區惠中里惠文路５２５號和５２７號（１樓）,0
42736469,南港展覽館,2018-07-17,2018,北部,臺北市,南港區,臺北市南港區三重里經貿二路１號,0
42737410,新光基河,2018-07-23,2018,北部,臺北市,士林區,臺北市士林區福德里基河路２５０―１號,0
50849085,北安,2018-09-06,2018,南部,臺南市,安南區,臺南市安南區安西里北安路２段２６２號,0
82708475,高醫二教,2018-09-14,2018,南部,高雄市,三民區,高雄市三民區安生里十全一路１００號１樓,0
50852171,公益,2018-09-25,2018,中部,臺中市,南屯區,臺中市南屯區大業里公益路２段８號１樓,0
50852567,新竹市府,2018-09-26,2018,北部,新竹市,北區,新竹市北　區水田里北大路１６２號,0
50852530,新竹巨城,2018-09-26,2018,北部,新竹市,東區,新竹市東　區復中里民生路９９號（１、２樓）,0
50856563,新北圖館,2018-10-15,2018,北部,新北市,板橋區,新北市板橋區華貴里貴興路１３９號１樓,0
50856727,文萊,2018-10-15,2018,南部,高雄市,左營區,高雄市左營區新光里文萊路２８４、２８６號,0
50856613,板橋新埔,2018-10-15,2018,北部,新北市,板橋區,新北市板橋區新埔里民生路３段２１號（１樓）,0
50970620,龜山文青,2018-11-06,2018,北部,桃園市,龜山區,桃園市龜山區文青里文青路１９９號,0
50973485,嘉義中山,2018-11-22,2018,南部,嘉義市,西區,嘉義市西　區國華里中山路２９４號１－３樓,0
50973470,台中中科,2018-11-22,2018,中部,臺中市,西屯區,臺中市西屯區福林里福科路５７９號,0
50979354,葫洲成功,2018-12-25,2018,北部,臺北市,內湖區,臺北市內湖區金湖里成功路５段４６６號１樓及４６２號２樓,0
50981133,新北投,2019-01-07,2019,北部,臺北市,北投區,臺北市北投區中心里中和街２２號,0
50982702,台南奇美,2019-01-14,2019,南部,臺南市,永康區,臺南市永康區甲頂里０１８鄰中華路９０３號,0
50982724,板橋莊敬,2019-01-14,2019,北部,新北市,板橋區,新北市板橋區忠翠里莊敬路４１號,0
50987489,洲子洋,2019-02-14,2019,北部,新北市,五股區,新北市五股區成泰里芳洲八路１３２、１３６號,0
50993882,遠傳中壢,2019-03-19,2019,北部,桃園市,中壢區,桃園市中壢區普忠里實踐路１２６、１２８號１、２樓,0
50992602,內湖文湖,2019-03-19,2019,北部,臺北市,內湖區,臺北市內湖區西安里文湖街３７號,0
82851915,汐止夢想,2019-04-23,2019,北部,新北市,汐止區,新北市汐止區湖光里民族二街１００號（１樓）,0
85188194,台元聯發科,2019-04-26,2019,北部,新竹縣,竹北市,新竹縣竹北市台元街２６號３樓,0
82897406,台中崇德,2019-05-28,2019,中部,臺中市,北屯區,臺中市北屯區仁和里崇德路三段１８１號,0
82956636,淡水新市,2019-07-29,2019,北部,新北市,淡水區,新北市淡水區新市一路３段１００號,0
82956729,台中美村,2019-07-30,2019,中部,臺中市,西區,臺中市西　區忠明里美村路１段１０３號,0
82656650,美光,2019-07-31,2019,中部,臺中市,后里區,臺中市后里區后里里三豐路４段３６９號,0
85011422,台北站前,2019-08-26,2019,北部,臺北市,中正區,臺北市中正區黎明里忠孝西路１段３８號,0
85019310,內湖新湖,2019-09-12,2019,北部,臺北市,內湖區,臺北市內湖區湖元里民善街８８號,0
85094437,新竹站前,2019-09-18,2019,北部,新竹市,東區,新竹市東　區榮光里中正路２號,0
85132973,汐止建成,2019-09-23,2019,北部,新北市,汐止區,新北市汐止區建成里建成路６０號（１、２樓）,0
85133017,大直樂群,2019-09-24,2019,北部,臺北市,中山區,臺北市中山區金泰里樂群二路１５０號（１樓）,0
85027310,中央大學,2019-09-26,2019,北部,桃園市,中壢區,桃園市中壢區五權里中大路３００號,0
85066679,松江農安,2019-10-07,2019,北部,臺北市,中山區,臺北市中山區行政里松江路３６３號１樓,0
85066349,南京建國,2019-10-07,2019,北部,臺北市,中山區,臺北市中山區朱園里南京東路２段２０６號１樓,0
85066328,瑞安,2019-10-07,2019,北部,臺北市,大安區,臺北市大安區新龍里建國南路２段１５１巷４０號,0
85066283,木柵,2019-10-07,2019,北部,臺北市,文山區,臺北市文山區木柵里木柵路三段６３號１、２樓,0
85066256,民生富錦,2019-10-07,2019,北部,臺北市,松山區,臺北市松山區三民里三民路１１３巷１之３號、３之２號,0
85067430,師大,2019-10-09,2019,北部,臺北市,大安區,臺北市大安區錦華里和平東路１段７９號,0
85067396,捷運市府,2019-10-09,2019,北部,臺北市,信義區,臺北市信義區興雅里忠孝東路五段３３號１樓,0
85067375,天母忠誠,2019-10-14,2019,北部,臺北市,士林區,臺北市士林區天山里天母東路６７號（１樓）,0
85102725,中山承德,2019-10-16,2019,北部,臺北市,大同區,臺北市大同區光能里南京西路６５號１樓,0
85102680,內湖成功,2019-10-18,2019,北部,臺北市,內湖區,臺北市內湖區清白里成功路４段７５號１、２樓,0
85102719,瑞光,2019-10-18,2019,北部,臺北市,內湖區,臺北市內湖區港墘里瑞光路４３１號１樓,0
85103864,輔大,2019-10-21,2019,北部,新北市,新莊區,新北市新莊區福營里建國一路５５號,0
85036465,高雄小港,2019-10-28,2019,南部,高雄市,小港區,高雄市小港區廈莊里桂華街６６號,0
85037865,春日,2019-11-04,2019,北部,桃園市,桃園區,桃園市桃園區大業里春日路６１８－１號（１、２樓）,0
85037871,芝山,2019-11-05,2019,北部,臺北市,士林區,臺北市士林區德行里福國路３８號（１樓）,0
83565616,新竹關新,2019-12-13,2019,北部,新竹市,東區,新竹市東　區關新里關新路１５８號,0
83452893,明德,2019-12-18,2019,北部,臺北市,北投區,臺北市北投區裕民里明德路１１９號１樓,0
83455759,台南新營,2019-12-25,2019,南部,臺南市,新營區,臺南市新營區三仙里三民路１５２－１號,0
83545582,深坑,2020-03-03,2020,北部,新北市,深坑區,新北市深坑區萬福里北深路３段２０４號１樓、２樓,0
83545555,中壢元化,2020-03-03,2020,北部,桃園市,中壢區,桃園市中壢區金華里元化路３０３號,0
83545561,三峽桃子腳,2020-03-03,2020,北部,新北市,樹林區,新北市樹林區南園里學成路７０９號,0
83545540,中壢復興,2020-03-03,2020,北部,桃園市,中壢區,桃園市中壢區中央里復興路１７號１樓、２樓、３樓,0
83545788,永和捷運,2020-03-04,2020,北部,新北市,永和區,新北市永和區保安里仁愛路３１１，３１３號１樓,0
83545773,民權復興,2020-03-05,2020,北部,臺北市,松山區,臺北市松山區民有里民權東路３段１３２號１樓,0
83545767,北醫,2020-03-05,2020,北部,臺北市,信義區,臺北市信義區三張里莊敬路３２５巷３６號,0
83545627,信義松仁,2020-03-05,2020,北部,臺北市,信義區,臺北市信義區六合里松仁路２４２號,0
83545632,士林前港,2020-03-05,2020,北部,臺北市,士林區,臺北市士林區前港里前港街１１號１樓,0
83434220,林口高中,2020-03-06,2020,北部,新北市,林口區,新北市林口區西林里仁愛路２段１８８號、１９０號,0
83545909,高雄重愛,2020-03-06,2020,南部,高雄市,左營區,高雄市左營區福山里自由四路３２０號１樓、２樓,0
83482974,汐止大同,2020-03-16,2020,北部,新北市,汐止區,新北市汐止區大同里大同路二段３１２巷１８號（１樓）,0
83483663,南昌,2020-03-19,2020,北部,臺北市,中正區,臺北市中正區南福里南昌路１段１２３號（１樓）,0
83482995,東吳大學,2020-03-23,2020,北部,臺北市,士林區,臺北市士林區福林里臨溪路７０號,0
83433854,日月光,2020-03-26,2020,北部,新北市,土城區,新北市土城區員林里中央路２段６１巷３７號,0
83433876,北投社,2020-03-31,2020,北部,臺北市,北投區,臺北市北投區大同里光明路６５號,0
83488301,國泰,2020-04-01,2020,北部,臺北市,大安區,臺北市大安區光信里仁愛路４段３００巷１３之２號（１樓）,0
83688032,高醫自由,2020-04-09,2020,南部,高雄市,三民區,高雄市三民區德智里自由一路５６號（１、２樓）,0
83687890,信陽,2020-04-10,2020,北部,臺北市,中正區,臺北市中正區黎明里信陽街５－２號,0
83729364,信義金山,2020-05-13,2020,北部,臺北市,大安區,臺北市大安區永康里信義路２段１２８號,0
83633585,金山南,2020-05-25,2020,北部,臺北市,中正區,臺北市中正區幸福里金山南路１段８號（１樓）,0
83691851,淡水捷運,2020-06-19,2020,北部,新北市,淡水區,新北市淡水區中正路１號,0
83692269,新板傑仕堡,2020-06-20,2020,北部,新北市,板橋區,新北市板橋區介壽里縣民大道二段２７７號（１樓）,0
83592727,天母東,2020-07-03,2020,北部,臺北市,士林區,臺北市士林區天福里天母東路８巷３１弄２號１樓,0
83593423,博愛北平,2020-07-03,2020,南部,高雄市,三民區,高雄市三民區安和里博愛一路３３６號（１、２樓）,0
83115921,台北信義,2020-09-21,2020,北部,臺北市,信義區,臺北市信義區西村里信義路五段１號,0
83115936,天母米蘭,2020-09-23,2020,北部,臺北市,北投區,臺北市北投區榮華里天母西路１３２號暨１３２之１號,0
83045279,葡眾內湖,2020-10-12,2020,北部,臺北市,內湖區,臺北市內湖區石潭里南京東路６段４５１巷３３號（１樓）、３５號（１樓）,0
83054229,新生南,2020-10-27,2020,北部,臺北市,中正區,臺北市中正區幸市里新生南路１段５６號,0
83288704,台中高鐵,2020-12-03,2020,中部,臺中市,烏日區,臺中市烏日區三和里站區二路８號,0
88122437,中崙大潤發,2020-12-04,2020,北部,臺北市,中山區,臺北市中山區埤頭里八德路二段３０６號地下２層之３,0
83211184,萬華東園,2021-02-04,2021,北部,臺北市,萬華區,臺北市萬華區保德里東園街１０６號（１、２樓）,0
91120335,士林捷運,2021-03-04,2021,北部,臺北市,士林區,臺北市士林區舊佳里中正路２２４號（１、２樓）,0
90877706,仁愛明曜,2021-05-03,2021,北部,臺北市,大安區,臺北市大安區建倫里仁愛路４段１５１巷２５號（１樓）,0
90877749,建成圓環,2021-05-03,2021,北部,臺北市,大同區,臺北市大同區建功里南京西路２６４號（１－３樓）,0
90706485,建國花市,2021-05-10,2021,北部,臺北市,大安區,臺北市大安區龍圖里信義路３段１０４號１樓,0
91096715,堤頂四零七,2021-06-08,2021,北部,臺北市,內湖區,臺北市內湖區堤頂大道２段４０７巷２４號（１樓）,0
91097138,一一四,2021-06-09,2021,北部,臺北市,內湖區,臺北市內湖區瑞光路３１６巷５８號１樓,0
91091182,一一三,2021-06-30,2021,北部,臺北市,中正區,臺北市中正區幸福里忠孝東路１段１４８號（１、２樓）,0
91005573,一一七,2021-07-07,2021,北部,臺北市,大安區,臺北市大安區黎孝里和平東路３段３１０號１樓,0
88486014,漢口崇德,2021-07-12,2021,中部,臺中市,北區,臺中市北　區頂厝里漢口路四段３１６號,0
91067606,一二一,2021-07-16,2021,北部,臺北市,中山區,臺北市中山區民權東路３段１６號,0
88499952,台中漢翔,2021-07-29,2021,中部,臺中市,西屯區,臺中市西屯區西平里福星北路５０號,0
91007875,一一五,2021-08-11,2021,北部,臺北市,中正區,臺北市中正區南海路３６號,0
88231054,萬華青年公園,2021-08-13,2021,北部,臺北市,萬華區,臺北市萬華區新和里青年路１４號（１樓）,0
90451912,一二四,2021-09-09,2021,北部,新竹市,東區,新竹市東　區光明里光復路二段１０１號（１樓）,0
90459359,一二七,2021-09-14,2021,北部,新北市,新莊區,新北市新莊區文衡里中正路２８５號,0
90460047,一一八,2021-09-17,2021,北部,臺北市,士林區,臺北市士林區後港里承德路４段２５２號,0
90459843,一二五,2021-09-17,2021,北部,臺北市,大安區,臺北市大安區通化里通化街１號,0
88240624,港墘門市,2021-10-14,2021,北部,臺北市,內湖區,臺北市內湖區港墘里港墘路１２３號１樓,0
88251608,信義吳興,2021-10-27,2021,北部,臺北市,信義區,臺北市信義區中興里基隆路２段１６號,0
88255610,研究院路,2021-11-17,2021,北部,臺北市,南港區,臺北市南港區新富里忠孝東路七段６２０號１樓及６２０號地下一層,0
91385882,北大學勤,2021-11-22,2021,北部,新北市,樹林區,新北市樹林區柑園里學勤路２５９號１．２樓,0
88268782,松山生活運動,2022-02-17,2022,北部,臺北市,松山區,臺北市松山區市民大道６段１３１號,0
88269516,錦州,2022-02-22,2022,北部,臺北市,中山區,臺北市中山區聚葉里錦州街３號１樓丶２樓,0
88279248,天母,2022-03-21,2022,北部,臺北市,士林區,臺北市士林區中山北路７段１４１巷２號１樓,0
88279514,中山國中,2022-03-22,2022,北部,臺北市,中山區,臺北市中山區江山里錦州街４３６號,0
90403911,華城,2022-07-25,2022,北部,新北市,新店區,新北市新店區忠孝里中正路６９６號,0
90403905,一三九,2022-07-27,2022,北部,臺北市,大安區,臺北市大安區義村里忠孝東路３段１７２號１樓,0
90385842,一四零,2022-08-26,2022,北部,新北市,板橋區,新北市板橋區社後里中正路２３７號１樓、２樓、３樓、４樓,0
88385156,一四四,2023-01-03,2023,北部,臺北市,士林區,臺北市士林區前港里承德路４段１６６－２號１樓,0
93377183,一四八,2023-04-14,2023,北部,新北市,板橋區,新北市板橋區公舘里國光路１８９之５號１樓,0
93377352,一四六,2023-04-18,2023,北部,臺北市,士林區,臺北市士林區福佳里中正路２７８號１樓、２樓、３樓,0
93100399,一四九,2023-05-09,2023,北部,臺北市,中正區,臺北市中正區東門里仁愛路１段１７號,0
93788209,一五零,2023-05-22,2023,北部,臺北市,中正區,臺北市中正區南福里羅斯福路２段５６號,0
93761948,一四五,2023-06-29,2023,南部,高雄市,三民區,高雄市三民區明仁路５１號,0
92942128,一五二,2023-09-26,2023,北部,桃園市,中壢區,桃園市中壢區仁義里中華路２段５０１號,0
93539672,一四三,2023-12-05,2023,北部,臺北市,士林區,臺北市士林區華岡路５５號（１樓）,0
93604363,一五三,2024-01-08,2024,北部,新竹縣,湖口鄉,新竹縣湖口鄉大同路１５之１號６樓,0
94645356,一五四,2024-01-30,2024,南部,高雄市,左營區,高雄市左營區高鐵里高鐵路１０７號地下一層,0
93652771,一五六,2024-02-06,2024,北部,臺北市,內湖區,臺北市內湖區堤頂大道２段２３９號（１樓）,0
93670428,一五五,2024-03-07,2024,北部,臺北市,南港區,臺北市南港區經貿一路１７２號２樓之５,0
93685772,一五八,2024-03-15,2024,北部,新北市,汐止區,新北市汐止區樟樹里大同路一段３６９號（１樓）,0
93570265,一五七,2024-03-20,2024,南部,高雄市,鼓山區,高雄市鼓山區龍子里龍德路４０９號,0
95453050,一六零,2024-05-22,2024,北部,臺北市,松山區,臺北市松山區自強里三民路２９巷６號１樓,0
95463493,一六一,2024-05-22,2024,北部,臺北市,文山區,臺北市文山區萬興里萬壽路２７號,0
97544726,一六四,2024-06-20,2024,北部,新北市,土城區,新北市土城區埤林里裕民路９９號（１樓）及２樓,0
96826590,一六二,2024-07-03,2024,北部,新北市,新莊區,新北市新莊區昌平里新北大道３段７９號,0
96750938,一六三,2024-07-11,2024,中部,臺中市,北區,臺中市北　區賴明里中清路１段７１２號,0
98647382,一六五,2024-07-29,2024,中部,臺中市,潭子區,臺中市潭子區甘蔗里勝利路２４６號,0
00111086,一六九,2024-08-27,2024,北部,臺北市,內湖區,臺北市內湖區西湖里洲子街１１０號,0
00224103,一七一,2024-09-06,2024,北部,新北市,板橋區,新北市板橋區百壽里文化路１段１８８巷６５號,0
00529576,一六六,2024-10-09,2024,北部,臺北市,大同區,臺北市大同區市民大道１段２０９號,0
00158785,一七二,2024-10-11,2024,北部,臺北市,信義區,臺北市信義區基隆路１段１８８之１號,0
00165147,一七０,2024-10-22,2024,北部,新北市,新店區,新北市新店區復興里北新路３段２１３號,0
00209503,一七六,2024-10-28,2024,北部,新北市,中和區,新北市中和區中原里橋和路１號,0
00069019,一八二,2025-01-03,2025,中部,臺中市,西區,臺中市西　區昇平里向上路一段７９巷５０號１、２樓,0
00071161,一八九,2025-01-06,2025,南部,臺南市,東區,臺南市東　區東明里東安路１００號（１樓）,0
00204747,一八七,2025-01-07,2025,北部,新北市,淡水區,新北市淡水區沙崙路１３７號（１樓）、２樓,0
00164766,一七八,2025-01-07,2025,北部,新北市,新莊區,新北市新莊區昌平里新北大道３段７９號,0
95457204,一八四,2025-01-08,2025,北部,臺北市,大安區,臺北市大安區福住里永康街９之１號１樓及２樓,0
00136761,一七四,2025-01-09,2025,北部,新竹市,東區,新竹市東　區埔頂里公道五路二段１１１號,0
96836393,１７７,2025-01-13,2025,北部,新竹市,東區,新竹市東　區埔頂里公道五路二段１１１號,0
97513076,一八Ｏ,2025-01-16,2025,北部,新竹市,東區,新竹市東　區埔頂里公道五路二段１１１號,0
96834000,一八六,2025-01-17,2025,北部,臺北市,中正區,臺北市中正區信陽街６之２號,0
00120629,一九三,2025-02-21,2025,北部,基隆市,七堵區,基隆市七堵區百福里福五街２８號,0
97428374,一八三,2025-02-21,2025,北部,新北市,板橋區,新北市板橋區百壽里文化路１段１８８巷５１號及５３號,0
96833608,一九一,2025-02-24,2025,北部,臺北市,大安區,臺北市大安區群賢里四維路１７０巷２號,0
00071471,一七三,2025-02-24,2025,北部,臺北市,信義區,臺北市信義區忠孝東路５段５１４號,0
60739956,一九七,2025-03-10,2025,北部,臺北市,松山區,臺北市松山區復勢里南京東路４段１６６號,0
60674659,一八八,2025-03-18,2025,北部,臺北市,松山區,臺北市松山區民生東路４段７１號,0
60748619,二零零,2025-04-07,2025,中部,苗栗縣,竹南鎮,苗栗縣竹南鎮新南里公園路１０６號,0
60750184,二零二,2025-04-11,2025,北部,新北市,板橋區,新北市板橋區百壽里文化路１段１８８巷５３號,0
60691263,一九九,2025-04-21,2025,中部,臺中市,大里區,臺中市大里區新里里永隆路３５號,0
60691539,二零一,2025-04-22,2025,北部,桃園市,龜山區,桃園市龜山區文藝里文化一路２５９號,0
60690927,一九四,2025-05-08,2025,中部,臺中市,霧峰區,臺中市霧峰區本堂里樹仁路５２號,0
60636591,一九八,2025-06-17,2025,中部,臺中市,后里區,臺中市后里區月眉里福容路８８號,0
60636889,二零六,2025-06-18,2025,中部,臺中市,后里區,臺中市后里區月眉里月眉南路１９７號,0
60553682,二零五,2025-07-31,2025,南部,高雄市,鼓山區,高雄市鼓山區桃源里蓮海路７０號,0
60562562,二零七,2025-08-20,2025,北部,新竹縣,竹北市,新竹縣竹北市環科一路１１號,0
60568881,二一一,2025-08-28,2025,中部,彰化縣,彰化市,彰化縣彰化市忠權里彰美路１段１５９號（１、２樓）,0
60602240,二一三,2025-09-09,2025,中部,臺中市,后里區,臺中市后里區月眉里福容路８８號,0
60602425,二一二,2025-09-10,2025,中部,臺中市,后里區,臺中市后里區月眉里福容路１６８、１７０、１７２、１７６號,0
60483357,二二二,2025-10-16,2025,北部,臺北市,中山區,臺北市中山區民權西路１１號（１樓）及１１號２樓,0
61217603,二一零,2025-10-17,2025,北部,新北市,中和區,新北市中和區福善里中山路２段２２８－２號（大全聯中和店Ｂ１）,0
60459477,二一五,2025-11-11,2025,北部,新北市,蘆洲區,新北市蘆洲區中正路７８號,0
60434151,二一六,2025-11-12,2025,中部,苗栗縣,苗栗市,苗栗縣苗栗市南勢里２１鄰聯大２號,0
60434201,二二三,2025-11-12,2025,北部,新竹市,北區,新竹市北　區石坊里西門街５４號及５６號,0
60434080,二一七,2025-11-12,2025,中部,臺中市,沙鹿區,臺中市沙鹿區晉江里臺灣大道７段２００號,0
60467700,二二六,2025-11-24,2025,北部,新北市,新店區,新北市新店區復興里建國路２６８號,0
60468551,二二九,2025-11-26,2025,中部,臺中市,后里區,臺中市后里區月眉里福容路８８號,0
60474006,二一八,2025-12-05,2025,中部,臺中市,西屯區,臺中市西屯區上石里西屯路２段２７５之２號１樓,0
60474316,二一九,2025-12-08,2025,中部,臺中市,西屯區,臺中市西屯區上石里西屯路２段２７５－２號地下１層,0
60474929,二二七,2025-12-09,2025,南部,臺南市,仁德區,臺南市仁德區仁愛里保仁路１３０、１３２號,0
60506366,二二五,2025-12-10,2025,中部,臺中市,北區,臺中市北　區邱厝里健行路３９１號,0
60522582,二三零,2025-12-17,2025,北部,新北市,板橋區,新北市板橋區百壽里文化路１段１８８巷５９號（１樓）,0
60388620,二二八,2025-12-26,2025,南部,嘉義縣,民雄鄉,嘉義縣民雄鄉三興村大學路１段１６８號,0
60389389,二二四,2025-12-29,2025,中部,臺中市,北區,臺中市北　區賴興里文心路４段１９４號,0
60354585,二一四,2026-01-07,2026,北部,桃園市,中壢區,桃園市中壢區青航里高鐵站前東路一段１號,0
60371183,二四四,2026-02-04,2026,中部,臺中市,太平區,臺中市太平區新高里中山路四段３１號,0
60371331,二四三,2026-02-04,2026,中部,臺中市,南屯區,臺中市南屯區溝墘里公益路２段２５６號,0
60371276,二四零,2026-02-04,2026,南部,高雄市,鳳山區,高雄市鳳山區五福里五甲三路３５號,0
60382169,二三五,2026-02-06,2026,南部,高雄市,三民區,高雄市三民區寶安里大昌二路８９號,0
60382082,二三六,2026-02-06,2026,南部,臺南市,新營區,臺南市新營區民權里信義街７３號,0
60382371,二四二,2026-02-09,2026,南部,高雄市,鹽埕區,高雄市鹽埕區河西路６號,0
61605701,二四一,2026-02-10,2026,南部,臺南市,善化區,臺南市善化區文昌里中正路３６５、３６７號,0
60382365,二三四,2026-02-10,2026,北部,臺北市,信義區,臺北市信義區基隆路２段７號１、２、３樓,0
00670095,二四五,2026-02-25,2026,北部,臺北市,信義區,臺北市信義區忠孝東路５段２３６巷６之２號,0
60348493,二三二,2026-03-03,2026,北部,新北市,淡水區,新北市淡水區淡金路２號（１樓）,0
60370473,二三八,2026-03-04,2026,北部,桃園市,龜山區,桃園市龜山區龜山里中興路一段３７號,0
61177243,二四六,2026-03-24,2026,南部,高雄市,左營區,高雄市左營區華夏路１３０３號１樓,0
62190933,二四八,2026-03-27,2026,中部,臺中市,太平區,臺中市太平區勤益里中山路一段２１５巷３５號,0
62249250,二三三,2026-04-10,2026,北部,臺北市,大安區,臺北市大安區華聲里延吉街１３７巷４號１樓,0
62250930,二三七,2026-04-17,2026,南部,臺南市,永康區,臺南市永康區塩行里中正北路２１８號,0
62200480,二五七,2026-05-13,2026,北部,臺北市,中正區,臺北市中正區濟南路２段６９號,0
61454372,二六八,2026-05-18,2026,北部,桃園市,八德區,桃園市八德區大智里大智路１０２號,0
62120487,二四九,2026-05-20,2026,北部,基隆市,中正區,基隆市中正區海濱里北寧路２號（學生活動中心）,0
62054753,二五三,2026-06-02,2026,中部,彰化縣,彰化市,彰化縣彰化市介壽里師大路２號,0
61462437,二六七,2026-06-08,2026,北部,桃園市,楊梅區,桃園市楊梅區楊梅里大成路１６５號Ｂ１、１Ｆ及２Ｆ,0
61033387,二七三,2026-06-11,2026,中部,臺中市,北區,臺中市北　區錦祥里進化路５７１－２號,0
61625468,二四七,2026-06-15,2026,南部,臺南市,東區,臺南市東　區德光里崇善路１７２號１樓,0
62180153,二六六,2026-06-15,2026,南部,臺南市,安平區,臺南市安平區光州路１０８號,0
62101756,二五一,2026-07-09,2026,北部,桃園市,龜山區,桃園市龜山區德明路５號,0
61492410,二七四,2026-07-30,2026,北部,新北市,淡水區,新北市淡水區民權路３８號１樓、２樓、３樓,0
61492283,二七零,2026-07-30,2026,北部,新竹縣,竹北市,新竹縣竹北市莊敬五街３８號,0
00723327,二六九,2026-07-30,2026,北部,臺北市,內湖區,臺北市內湖區寶湖里民權東路６段１６１號（源遠樓１樓）,0
61492381,二六五,2026-07-30,2026,北部,新竹縣,竹北市,新竹縣竹北市成功五街７６號１樓及７８號１樓,0
61492523,二七一,2026-07-31,2026,北部,新北市,新莊區,新北市新莊區昌平里思源路５５３號１樓,0
61493500,二七二,2026-08-03,2026,北部,新北市,新店區,新北市新店區寶福里中興路３段７０號５樓,0
62076150,二五八,2026-08-13,2026,北部,臺北市,內湖區,臺北市內湖區西湖里瑞光路５１７號,0
62176974,二六一,2026-08-26,2026,中部,苗栗縣,竹南鎮,苗栗縣竹南鎮新南里公園路１０６號,0
62084383,二五九,2026-09-10,2026,北部,臺北市,北投區,臺北市北投區立農街２段１５５號,0
