品牌,店名,區域,縣市,鄉鎮市區,鄉鎮代碼,緯度,經度,營業時間,osm_type,osm_id
星巴克,星巴克,南部,屏東縣,恆春鎮,10013040,21.9402815,120.8074142,,node,4915843239
星巴克,星巴克,南部,屏東縣,車城鄉,10013230,22.0468332,120.698102,,node,5845737020
星巴克,星巴克,東部,臺東縣,大武鄉,10014100,22.3377878,120.8947845,,node,10242015020
星巴克,星巴克,南部,屏東縣,恆春鎮,10013040,22.0081104,120.7406302,,node,13277276420
星巴克,星巴克,南部,屏東縣,東港鎮,10013030,22.4692149,120.4549652,Mo-Su 07:00-22:00,way,1182419662
星巴克,星巴克,南部,高雄市,林園區,64000130,22.5009406,120.3964802,Mo-Su 07:00-22:00,way,1421181487
星巴克,星巴克,南部,高雄市,左營區,64000030,22.6657652,120.3060409,Mo-Fr 07:00-22:00; Sa-Su 08:00-22:00,node,1069245383
星巴克,星巴克,南部,臺南市,中西區,67000370,22.9883623,120.1872305,Mo-Su 08:00-21:00,node,1739996869
星巴克,星巴克,南部,高雄市,三民區,64000050,22.6449043,120.30858,,node,1942262238
星巴克,星巴克,南部,臺南市,中西區,67000370,22.9976132,120.1873652,Mo-Su 07:00-21:00,node,2147381071
星巴克,星巴克,南部,高雄市,苓雅區,64000080,22.619555,120.3117473,,node,2289147405
星巴克,星巴克,南部,臺南市,東區,67000320,22.9962966,120.2222885,,node,2616887565
星巴克,星巴克,南部,高雄市,左營區,64000030,22.6567763,120.3050212,,node,2619770358
星巴克,星巴克,南部,高雄市,新興區,64000060,22.6339081,120.3091106,Mo-Su 07:00-22:00,node,2622532970
路易莎,路易莎咖啡,南部,高雄市,三民區,64000050,22.6500532,120.3037435,Mo-Su 07:00-23:00,node,2686571280
星巴克,星巴克,南部,高雄市,鼓山區,64000020,22.6180433,120.2687008,,node,2696287679
星巴克,星巴克,南部,高雄市,苓雅區,64000080,22.6147027,120.3063341,,node,2925723958
星巴克,星巴克,南部,高雄市,新興區,64000060,22.6304859,120.3172705,,node,3415434409
星巴克,星巴克,南部,高雄市,苓雅區,64000080,22.6260306,120.3162868,,node,3477935920
星巴克,星巴克,南部,臺南市,歸仁區,67000280,22.9249481,120.2854694,,node,4012189673
星巴克,星巴克,南部,高雄市,左營區,64000030,22.6758522,120.3124336,Mo-Su 07:00-22:00,node,4125052407
Cama,cama café,南部,臺南市,中西區,67000370,22.9875555,120.1972419,,node,4248512506
星巴克,星巴克,南部,高雄市,鼓山區,64000020,22.6614471,120.2901481,,node,4322644522
丹堤咖啡,丹堤咖啡,南部,高雄市,鼓山區,64000020,22.6614161,120.2917454,,node,4322644931
星巴克,星巴克,南部,臺南市,安平區,67000360,22.9907169,120.1713302,Mo-Su 07:00-22:00,node,4652101941
路易莎,路易莎咖啡,南部,高雄市,鳳山區,64000120,22.6383304,120.350622,,node,4693683472
星巴克,星巴克,南部,臺南市,中西區,67000370,22.995506,120.2101619,,node,4737794721
星巴克,星巴克,南部,高雄市,苓雅區,64000080,22.6178719,120.2960507,,node,4745953128
星巴克,星巴克,南部,高雄市,苓雅區,64000080,22.612565,120.304578,Mo-Su 08:00-22:00,node,4750296221
路易莎,路易莎咖啡,南部,臺南市,中西區,67000370,22.9974852,120.2095356,Mo-Fr 07:00-20:00; Sa-Su 08:00-18:00; PH 08:00-18:00,node,4776762041
星巴克,星巴克,南部,屏東縣,屏東市,10013010,22.6739982,120.4898152,,node,4810818821
Cama,CAMA CAFE,南部,臺南市,北區,67000340,22.9987899,120.2053677,Mo-Su 07:00-18:00,node,5100584624
路易莎,路易莎咖啡,南部,高雄市,三民區,64000050,22.640844,120.332042,,node,5160664999
星巴克,統一星巴克,南部,高雄市,楠梓區,64000040,22.7219421,120.2912106,,node,5228149368
路易莎,路易莎咖啡,南部,高雄市,左營區,64000030,22.6655142,120.3072976,,node,5237613603
星巴克,星巴克,南部,臺南市,中西區,67000370,22.9935321,120.1990104,,node,5274587577
星巴克,星巴克,南部,高雄市,楠梓區,64000040,22.7279301,120.3255051,,node,5293349718
星巴克,星巴克,南部,臺南市,歸仁區,67000280,22.9672324,120.2909692,Mo-Su 06:30-21:00,node,5320258259
路易莎,路易莎咖啡,南部,高雄市,楠梓區,64000040,22.7259943,120.3029503,Mo-Su 08:00-23:00,node,5325505933
路易莎,路易莎咖啡,南部,高雄市,前鎮區,64000090,22.6143971,120.3071111,,node,5325554294
星巴克,星巴克,南部,高雄市,左營區,64000030,22.6872139,120.3080331,,node,5503065153
路易莎,路易莎咖啡,南部,臺南市,東區,67000320,22.9900582,120.220569,,node,5611004019
路易莎,路易莎咖啡,南部,高雄市,左營區,64000030,22.6597526,120.308629,,node,5624687640
路易莎,路易莎咖啡,南部,臺南市,中西區,67000370,22.987411,120.2002754,,node,5698243680
星巴克,星巴克,南部,臺南市,中西區,67000370,22.9813689,120.2108151,,node,5703735876
路易莎,路易莎咖啡,南部,高雄市,新興區,64000060,22.6310719,120.3085954,,node,5982257687
路易莎,路易莎咖啡,南部,臺南市,歸仁區,67000280,22.9680288,120.2877651,Mo-Su 07:00-22:00,node,6401655686
路易莎,路易莎咖啡,南部,高雄市,三民區,64000050,22.6466679,120.3106008,Mo-Fr 07:30-19:00; Sa-Su 09:00-17:00,node,6451332914
路易莎,路易莎咖啡,南部,高雄市,小港區,64000110,22.5667202,120.3601112,Mo-Su 07:00-21:00,node,6937670300
路易莎,Louisa Coffee 路易．莎咖啡,南部,高雄市,鼓山區,64000020,22.6514433,120.2882501,,node,7123641207
星巴克,星巴克,南部,臺南市,中西區,67000370,22.9947564,120.2097694,,node,7281634760
Cama,cama café,南部,屏東縣,屏東市,10013010,22.6702362,120.4861153,Mo-Fr 07:30-19:00; Sa-Su 09:00-18:00,node,7450762138
路易莎,路易莎咖啡,南部,高雄市,鼓山區,64000020,22.6186775,120.277779,"Mo-Th,Su 10:00-21:00; Fr-Sa 10:00-22:00",node,7456880219
星巴克,星巴克,南部,高雄市,三民區,64000050,22.6332114,120.2861807,,node,7472641659
星巴克,星巴克,南部,高雄市,鳳山區,64000120,22.6262067,120.3572385,Mo-Su 07:00-22:00,node,7500124956
路易莎,路易莎咖啡,南部,高雄市,岡山區,64000190,22.792138,120.297006,Mo-Su 07:00-21:00,node,7525926350
Cama,cama café,南部,高雄市,苓雅區,64000080,22.6312035,120.3256359,,node,7528832907
路易莎,路易莎咖啡,南部,臺南市,東區,67000320,22.9948016,120.2179415,Mo-Su 07:00-19:00,node,7645260814
Cama,Cama café,南部,屏東縣,屏東市,10013010,22.6630938,120.5053188,,node,7814664097
星巴克,星巴克,南部,高雄市,前金區,64000070,22.6218416,120.2990798,,node,8013101851
星巴克,星巴克,南部,高雄市,路竹區,64000240,22.8686739,120.2560729,,node,8495844717
路易莎,路易莎咖啡,南部,臺南市,中西區,67000370,22.9894221,120.1953315,,node,10222779317
星巴克,星巴克,南部,臺南市,永康區,67000310,22.9983825,120.251285,,node,10811774129
星巴克,星巴克,南部,高雄市,仁武區,64000170,22.6833641,120.339863,Mo-Su 07:00-22:00,node,10910874977
路易莎,路易莎咖啡,南部,高雄市,仁武區,64000170,22.6843489,120.3428304,Mo-Su 06:30-21:00,node,10910874981
星巴克,星巴克,南部,高雄市,前金區,64000070,22.6290324,120.2940203,,node,11048149712
路易莎,路易莎咖啡,南部,臺南市,東區,67000320,22.9933473,120.2267373,,node,12105606613
Cama,cama café,南部,高雄市,苓雅區,64000080,22.6212212,120.3106976,,node,12211584300
星巴克,星巴克,南部,高雄市,前鎮區,64000090,22.6055115,120.329525,Mo-Su 06:30-21:30,node,12465521632
星巴克,星巴克,南部,高雄市,苓雅區,64000080,22.6236397,120.3158942,Mo-Su 07:00-22:00,node,12466404437
星巴克,星巴克,南部,屏東縣,屏東市,10013010,22.6652659,120.4749743,Mo-Su 06:30-21:00,node,12541913003
Cama,cama,南部,高雄市,鳳山區,64000120,22.5940329,120.3293964,,node,12546006124
星巴克,星巴克,南部,臺南市,南區,67000330,22.9676126,120.1857559,Mo-Su 07:00-23:00,node,12645598727
路易莎,路易莎咖啡,南部,臺南市,中西區,67000370,22.9826002,120.2112218,,node,12839661259
星巴克,星巴克,南部,高雄市,三民區,64000050,22.6601822,120.3133894,,node,13032261788
路易莎,路易莎咖啡,南部,高雄市,三民區,64000050,22.6612188,120.3141868,,node,13033105435
星巴克,星巴克,南部,高雄市,旗山區,64000300,22.8846073,120.4829336,,node,13339762155
路易莎,路易莎咖啡,南部,臺南市,中西區,67000370,22.9872433,120.2002848,"Mo-Fr 07:00-18:00; Sa,Su 08:00-18:00",node,13743953362
星巴克,星巴克,南部,高雄市,小港區,64000110,22.5713895,120.3408059,,node,13826919618
星巴克,星巴克,南部,高雄市,苓雅區,64000080,22.6126898,120.3046438,,node,13827490728
星巴克,星巴克,南部,屏東縣,屏東市,10013010,22.6831324,120.483752,,node,13910736445
星巴克,星巴克,南部,臺南市,東區,67000320,22.9989671,120.2129858,,way,204493490
星巴克,星巴克,南部,高雄市,左營區,64000030,22.6725358,120.3048272,,way,587252242
星巴克,星巴克,南部,高雄市,岡山區,64000190,22.7997191,120.2928372,,way,642348887
星巴克,星巴克,南部,高雄市,岡山區,64000190,22.7962604,120.2990047,Mo-Sa 07:00-22:00,way,642354234
星巴克,星巴克,南部,高雄市,鳥松區,64000180,22.650936,120.3417933,,way,656538656
星巴克,星巴克,南部,高雄市,小港區,64000110,22.5701251,120.356346,,way,902951082
路易莎,Louisa Coffee 路易．莎咖啡,南部,高雄市,鼓山區,64000020,22.6574462,120.2967063,,way,926953491
星巴克,星巴克,南部,高雄市,左營區,64000030,22.6884811,120.3181556,,way,1046209216
星巴克,星巴克,南部,高雄市,大寮區,64000140,22.6034793,120.3980805,Mo-Sa 07:00-22:00,way,1094032664
星巴克,星巴克,南部,屏東縣,潮州鎮,10013020,22.5524595,120.5400312,Mo-Su 07:00-22:00,way,1182420014
星巴克,星巴克,南部,高雄市,鼓山區,64000020,22.651855,120.2876638,,way,1214774628
星巴克,星巴克,南部,高雄市,小港區,64000110,22.5850183,120.3650914,Mo-Su 07:00-22:00,way,1226373187
星巴克,星巴克,南部,屏東縣,屏東市,10013010,22.660986,120.5088392,,way,1279816167
星巴克,星巴克,南部,屏東縣,內埔鄉,10013130,22.6091317,120.5638234,Mo-Su 07:00-21:30,way,1355173674
星巴克,星巴克,南部,高雄市,楠梓區,64000040,22.7317269,120.292591,Mo-Su 07:00-22:00,way,1366777614
星巴克,星巴克,南部,臺南市,東區,67000320,22.9896797,120.2442938,Mo-Su 07:00-22:00,way,1479062231
星巴克,星巴克,南部,高雄市,楠梓區,64000040,22.7303522,120.272245,Mo-Su 06:30-22:30,way,1560185704
星巴克,星巴克,南部,臺南市,中西區,67000370,23.0057852,120.1851462,Mo-Su 07:00-23:00,node,2148693392
星巴克,星巴克,南部,臺南市,永康區,67000310,23.0387812,120.234515,,node,4277684989
星巴克,星巴克,南部,嘉義縣,太保市,10010010,23.4595188,120.3229868,Mo-Su 06:30-22:00,node,4524904415
星巴克,星巴克,南部,嘉義市,東區,10020010,23.4751469,120.461398,Mo-Su 07:00-21:30,node,5109026750
星巴克,星巴克,南部,臺南市,永康區,67000310,23.0253118,120.2265445,Mo-Fr 08:00-19:30; Sa-Su 08:00-15:00,node,5149558891
星巴克,星巴克,南部,臺南市,新市區,67000200,23.0983997,120.2821944,"Mo-Fr 07:00-21:30, Sa-Su 08:00-21:00",node,5272995556
星巴克,星巴克,南部,嘉義市,西區,10020020,23.4794419,120.4457478,Mo-Su 07:00-21:30,node,5349013543
路易莎,路易莎咖啡,南部,臺南市,新市區,67000200,23.0707771,120.2922484,,node,5578363991
路易莎,路易莎咖啡,南部,臺南市,北區,67000340,23.0092139,120.2062319,Mo-Su 07:00-21:00,node,6114290809
星巴克,星巴克,南部,臺南市,安南區,67000350,23.0652654,120.2233724,Mo-Fr 07:00-19:00,node,6396060850
路易莎,路易莎咖啡,南部,嘉義市,西區,10020020,23.4800217,120.4493701,,node,6506240515
星巴克,星巴克,南部,臺南市,新營區,67000010,23.3076901,120.3162709,,node,6508054277
路易莎,路易莎咖啡,南部,臺南市,善化區,67000190,23.1272442,120.2938825,,node,6961392090
星巴克,星巴克,南部,臺南市,北區,67000340,23.0142178,120.2093868,,node,7261614023
星巴克,星巴克,南部,嘉義市,西區,10020020,23.4794471,120.4290147,Mo-Su 06:30-21:30,node,7389842370
星巴克,星巴克,中部,雲林縣,北港鎮,10009060,23.5712395,120.300199,Mo-Su 07:00-21:30,node,8182599728
星巴克,星巴克,南部,嘉義市,東區,10020010,23.4642019,120.4512009,Mo-Su 07:30-21:30,node,8570560323
路易莎,路易莎咖啡,南部,嘉義縣,民雄鄉,10010050,23.5240542,120.4396042,,node,8737516450
星巴克,星巴克,南部,嘉義縣,中埔鄉,10010130,23.4471852,120.4931304,Mo-Su 08:00-20:00,node,9663501178
星巴克,星巴克,南部,嘉義市,東區,10020010,23.5159681,120.4423013,Mo-Su 07:00-20:30,node,9829697399
星巴克,星巴克,南部,嘉義市,東區,10020010,23.4992678,120.4500831,,node,9829699117
星巴克,星巴克,南部,嘉義市,東區,10020010,23.4964093,120.452914,,node,9829699118
星巴克,星巴克,南部,嘉義市,東區,10020010,23.4811348,120.4528323,,node,9829699119
星巴克,星巴克,南部,嘉義市,西區,10020020,23.4728072,120.4412765,Mo-Su 07:30-22:00,node,9829699120
星巴克,星巴克,南部,嘉義市,西區,10020020,23.4712049,120.4311541,Mo-Su 09:00-22:00,node,9829699121
星巴克,星巴克,南部,嘉義縣,新港鄉,10010070,23.557752,120.3474415,Mo-Su 07:00-22:00,node,10694084520
星巴克,星巴克,南部,臺南市,安定區,67000210,23.1157362,120.2637158,,node,10841912108
路易莎,路易莎,南部,臺南市,北區,67000340,23.0158204,120.2005842,,node,10901187913
星巴克,星巴克,南部,臺南市,麻豆區,67000070,23.1876947,120.2514398,Mo-Su 07:00-21:00,node,11032149408
星巴克,星巴克,南部,臺南市,新市區,67000200,23.0731349,120.2912792,,node,11079939505
路易莎,路易莎咖啡,南部,嘉義市,西區,10020020,23.4647222,120.4244798,,node,11237500838
路易莎,Louisa Café,南部,澎湖縣,馬公市,10016010,23.5656124,119.5649296,,node,11252135441
星巴克,星巴克,南部,臺南市,善化區,67000190,23.111952,120.3070199,Mo-Su 07:30-20:30,node,11270932870
路易莎,Louisa,南部,臺南市,安南區,67000350,23.032193,120.2045252,,node,11343288434
Cama,Cama,南部,嘉義市,西區,10020020,23.4727772,120.4415618,Mo-Su 08:00-18:00,node,11472595756
路易莎,路易莎,南部,臺南市,永康區,67000310,23.0213634,120.221458,,node,11905896469
星巴克,星巴克,南部,嘉義市,西區,10020020,23.4672614,120.4404027,Mo-Su 07:00-22:00,node,11932045069
路易莎,路易莎咖啡,南部,嘉義市,西區,10020020,23.4741007,120.450052,,node,12767440433
路易莎,路易莎咖啡,中部,雲林縣,北港鎮,10009060,23.5728761,120.3030063,Mo-Su 07:00-21:00,node,13077773472
路易莎,路易莎咖啡,南部,臺南市,永康區,67000310,23.0082971,120.2319798,Mo-Su 07:00-21:00,node,13518015528
路易莎,路易莎咖啡,南部,嘉義縣,民雄鄉,10010050,23.560744,120.4721559,Mo-Fr 07:00-21:00; Sa-Su 08:00-19:00,node,13580883401
路易莎,路易莎咖啡,南部,嘉義縣,番路鄉,10010160,23.4463479,120.5859237,,node,13588877852
星巴克,星巴克,南部,澎湖縣,馬公市,10016010,23.5678433,119.5758695,Mo-Su 07:70-21:30,node,13718186616
星巴克,星巴克,南部,臺南市,善化區,67000190,23.1269446,120.2938272,,way,466918187
星巴克,星巴克,南部,臺南市,佳里區,67000120,23.1621809,120.1823224,,way,468001045
星巴克,星巴克,南部,嘉義縣,民雄鄉,10010050,23.5593709,120.4336374,Mo-Su 07:00-22:00,way,544067740
星巴克,星巴克,南部,臺南市,永康區,67000310,23.0037345,120.2349153,,way,740545331
星巴克,星巴克,南部,臺南市,安南區,67000350,23.0280066,120.1904986,Mo-Fr 07:00-21:00,way,906841096
星巴克,星巴克,南部,臺南市,新化區,67000180,23.0368271,120.3074957,,way,1163805433
星巴克,星巴克,南部,臺南市,北區,67000340,23.0118522,120.2002464,Mo-Su 07:00-22:00,way,1226373429
星巴克,星巴克,南部,臺南市,永康區,67000310,23.0209482,120.2341703,Mo-Su 07:00-21:00,way,1273245441
星巴克,星巴克,南部,臺南市,安南區,67000350,23.045906,120.1886971,Mo-Su 07:00-21:00,way,1412681194
星巴克,星巴克,南部,嘉義縣,朴子市,10010020,23.4605899,120.2887189,Mo-Su 07:00-22:00,way,1413079403
星巴克,星巴克,南部,臺南市,安南區,67000350,23.042352,120.2035371,Mo-Su 06:30-22:00,way,1421353630
路易莎,路易莎咖啡,南部,臺南市,新營區,67000010,23.306526,120.3102382,,way,1480492298
星巴克,星巴克,中部,雲林縣,虎尾鎮,10009030,23.709138,120.4338036,,node,2596374577
星巴克,星巴克,中部,南投縣,草屯鎮,10008030,23.9837253,120.6856994,Mo-Su 07:30-22:30,node,4124957089
星巴克,星巴克,中部,雲林縣,西螺鎮,10009040,23.7887746,120.4775012,Mo-Su 07:00-22:00,node,4679758756
星巴克,星巴克,中部,彰化縣,員林市,10007100,23.9707088,120.5716405,,node,6131867590
星巴克,星巴克,中部,雲林縣,斗六市,10009010,23.6992341,120.5446397,,node,7095470212
路易莎,路易莎咖啡,中部,彰化縣,溪湖鎮,10007110,23.9569599,120.4773295,,node,7707403074
星巴克,星巴克,中部,南投縣,南投市,10008010,23.90569,120.6893285,Mo-Su 10:00-21:30,node,9273676983
路易莎,路易莎咖啡,中部,雲林縣,斗六市,10009010,23.7024568,120.5406598,Mo-Su 07:00-21:30,node,10967389212
星巴克,星巴克,中部,南投縣,南投市,10008010,23.9172335,120.6844319,Mo-Su 10:00-21:30,node,11103973732
路易莎,路易莎咖啡,中部,雲林縣,虎尾鎮,10009030,23.7078718,120.4371597,,node,11169511868
路易莎,路易莎咖啡,中部,雲林縣,虎尾鎮,10009030,23.7015775,120.430409,,node,11169511876
星巴克,星巴克,中部,雲林縣,斗南鎮,10009020,23.683,120.4735074,,node,11256807951
星巴克,星巴克,中部,雲林縣,虎尾鎮,10009030,23.7365074,120.4163776,06:30-21:00,node,12541694796
路易莎,路易莎咖啡,中部,雲林縣,麥寮鄉,10009130,23.7460792,120.2546808,Mo-Su 07:30-20:30,node,13077773480
路易莎,路易莎咖啡,中部,彰化縣,員林市,10007100,23.9583658,120.5705802,,node,13204868233
路易莎,路易莎咖啡,中部,彰化縣,溪湖鎮,10007110,23.9723352,120.4783252,,node,14017046938
星巴克,星巴克,中部,雲林縣,斗六市,10009010,23.7033604,120.531295,,way,496846168
星巴克,星巴克,中部,雲林縣,麥寮鄉,10009130,23.7466594,120.2556412,Mo-Su 07:30-21:00,way,1178708585
星巴克,星巴克,中部,彰化縣,埔心鄉,10007150,23.9493372,120.5649944,Mo-Su 07:00-21:30,way,1226373644
星巴克,星巴克,中部,彰化縣,溪湖鎮,10007110,23.962217,120.4816881,Mo-Su 06:30-21:30,way,1226374476
星巴克,星巴克,中部,彰化縣,社頭鄉,10007170,23.9009233,120.5825832,Mo-Su 07:00-21:00,way,1271646079
星巴克,星巴克,中部,彰化縣,北斗鎮,10007190,23.8731727,120.516473,Mo-Su 07:00-21:00,way,1342575582
星巴克,星巴克,中部,雲林縣,虎尾鎮,10009030,23.735344,120.4289531,Mo-Su 07:00-21:00,way,1364506520
星巴克,星巴克,中部,雲林縣,斗六市,10009010,23.7153491,120.5350831,Mo-Su 07:00-21:00,way,1419337829
星巴克,星巴克,中部,臺中市,西屯區,66000060,24.1703938,120.6435234,Mo-Su 07:30-22:30,node,1958092153
星巴克,星巴克,中部,臺中市,西區,66000040,24.1512848,120.6636022,"Su-Th 07:00-22:00; Fr,Sa 07:00-22:30",node,3334022738
星巴克,星巴克,中部,臺中市,后里區,66000150,24.3289487,120.7165869,,node,3360691293
Cama,cama café,中部,臺中市,西屯區,66000060,24.1874764,120.6188063,Mo-Fr 07:30-18:00; Sa-Su 09:00-18:00,node,3441071954
星巴克,星巴克,中部,彰化縣,彰化市,10007010,24.0712087,120.5453721,,node,3606852366
星巴克,星巴克,中部,臺中市,西屯區,66000060,24.1828898,120.6163684,Mo-Fr 07:00-22:00; Sa-Su 07:30-22:00,node,3621231826
星巴克,星巴克,中部,臺中市,南區,66000030,24.1275332,120.6699729,Mo-Su 07:00-22:00,node,3696255549
路易莎,路易莎咖啡,中部,臺中市,北屯區,66000080,24.178069,120.7135743,,node,3813667621
星巴克,星巴克,中部,臺中市,北區,66000050,24.16534,120.6739769,Mo-Su 07:00-22:00,node,3870345861
Cama,cama café,中部,臺中市,西屯區,66000060,24.1646264,120.6548209,Mo-Fr 07:30-19:00; Sa-Su 09:00-18:00,node,3904095398
星巴克,星巴克,中部,臺中市,西屯區,66000060,24.1660334,120.6375748,Mo-Su 07:30-22:00,node,3904095399
星巴克,星巴克,中部,臺中市,西屯區,66000060,24.156857,120.6465344,Mo-Su 07:00-22:00,node,3904095400
路易莎,路易莎咖啡,中部,臺中市,西屯區,66000060,24.1837676,120.6169838,Mo-Fr 06:30-18:00; Sa-Su 06:30-16:00,node,3904095401
路易莎,路易莎咖啡,中部,臺中市,西屯區,66000060,24.1719173,120.6483314,Mo-Fr 07:00-19:00; Sa-Su 07:00-18:00,node,3904095402
Cama,cama café,中部,臺中市,西區,66000040,24.1557336,120.6561071,Mo-Fr 07:30-21:00; Sa-Su 08:30-21:00,node,3904920801
Cama,cama café,中部,臺中市,西區,66000040,24.1372649,120.6804422,Mo-Fr 07:30-18:00; Sa-Su 09:00-18:00,node,3904920803
Cama,cama café,中部,臺中市,西區,66000040,24.1523181,120.6657776,Mo-Fr 07:30-20:00; Sa-Su 09:00-19:00,node,3904920804
Cama,cama café,中部,臺中市,南區,66000030,24.1224755,120.6619189,Mo-Fr 07:30-20:00; Sa-Su 09:00-19:00,node,3904920805
星巴克,星巴克,中部,臺中市,豐原區,66000090,24.2507672,120.7205221,,node,3926733753
星巴克,星巴克,中部,臺中市,西屯區,66000060,24.1810576,120.6465739,,node,4001842788
星巴克,星巴克,中部,臺中市,北區,66000050,24.1519262,120.684678,Su-Th 09:00-22:30; Fr-Sa 09:00-23:00,node,4005392454
星巴克,星巴克,中部,臺中市,潭子區,66000170,24.2115562,120.7007521,24/7,node,4328609693
星巴克,星巴克,中部,臺中市,太平區,66000270,24.149479,120.7132699,Su-Th 07:30-22:30; Fr-Sa 07:30-23:00,node,4409948531
星巴克,星巴克,中部,臺中市,中區,66000010,24.1396021,120.6829899,Mo-Fr 07:00-21:30; Sa-Su 07:00-22:00,node,4526643036
星巴克,星巴克,中部,臺中市,西區,66000040,24.1542843,120.6643243,Mo-Su 06:30-22:00,node,4682107093
星巴克,星巴克,中部,臺中市,清水區,66000120,24.2683502,120.566412,,node,4716052989
路易莎,路易莎咖啡,中部,臺中市,西區,66000040,24.1352562,120.661847,,node,4754491526
星巴克,星巴克,中部,臺中市,西屯區,66000060,24.1787795,120.6372611,Mo-Su 07:00-22:30,node,4798905711
星巴克,星巴克,中部,彰化縣,和美鎮,10007030,24.1078958,120.4955229,,node,5115417153
星巴克,星巴克,中部,臺中市,南屯區,66000070,24.1418657,120.6399446,Mo-Su 07:00-21:30,node,5298699878
路易莎,路易莎咖啡,中部,臺中市,南屯區,66000070,24.1546775,120.6499023,Mo-Fr 06:30-18:30; Sa-Su 07:30-18:30,node,5298699906
星巴克,星巴克,中部,臺中市,東區,66000020,24.1362073,120.6876203,Mo-Th 07:00-22:30; Fr-Su 07:00-23:00,node,5385086265
星巴克,星巴克,中部,臺中市,西屯區,66000060,24.160601,120.6349706,Mo-Su 07:00-22:30,node,5535756586
星巴克,星巴克,中部,臺中市,西屯區,66000060,24.1843288,120.6049004,Mo-Fr 06:30-21:30; Sa-Su 07:00-21:30,node,5535756587
星巴克,星巴克,中部,臺中市,北區,66000050,24.1538545,120.6830008,Mo-Fr 07:00-22:00; Sa-Su 07:30-22:00,node,5535756588
星巴克,星巴克,中部,臺中市,北區,66000050,24.1566983,120.6810267,Mo-Fr 07:00-22:00; Sa-Su 07:30-22:00,node,5535756589
星巴克,星巴克,中部,臺中市,北屯區,66000080,24.1825801,120.6905496,Mo-Su 07:00-21:30,node,5535848913
星巴克,星巴克,中部,臺中市,西區,66000040,24.1398765,120.6552568,Mo-Su 07:00-22:00,node,5536943723
路易莎,路易莎咖啡,中部,臺中市,北屯區,66000080,24.1708973,120.6838483,Mo-Su 08:00-18:00,node,5536943724
路易莎,路易莎咖啡,中部,臺中市,北區,66000050,24.1588651,120.6800578,Mo-Fr 07:00-21:00; Sa-Su 08:00-20:00,node,5536943725
路易莎,路易莎咖啡,中部,臺中市,北區,66000050,24.1594849,120.6940887,Mo-Su 07:00-19:00,node,5536943726
路易莎,路易莎咖啡,中部,臺中市,西屯區,66000060,24.1621983,120.6348377,Mo-Su 07:30-21:30,node,5536943727
路易莎,路易莎咖啡,中部,臺中市,西屯區,66000060,24.1567605,120.647023,Mo-Su 07:00-21:30,node,5536943728
路易莎,路易莎咖啡,中部,臺中市,南屯區,66000070,24.1493962,120.6469961,Mo-Su 07:30-20:00,node,5536943729
路易莎,路易莎咖啡,中部,臺中市,南屯區,66000070,24.1487348,120.6082774,Mo-Su 07:00-19:00,node,5536943730
Cama,cama café,中部,臺中市,西區,66000040,24.1494011,120.6552092,Mo-Fr 07:30-20:00; Sa-Su 09:00-19:00,node,5536943731
Cama,cama café,中部,臺中市,北屯區,66000080,24.1708789,120.6840719,Mo-Fr 07:30-20:00; Sa-Su 08:00-19:00,node,5536943732
星巴克,星巴克,中部,臺中市,西屯區,66000060,24.1829722,120.6164402,,node,5789308205
路易莎,路易莎咖啡,中部,臺中市,西區,66000040,24.1564277,120.6567759,Mo-Su 07:30-21:00,node,6183477007
路易莎,路易莎咖啡,中部,臺中市,西區,66000040,24.144107,120.6498123,Mo-Su 07:00-19:30,node,6183996339
路易莎,路易莎咖啡,中部,臺中市,南屯區,66000070,24.1462834,120.6435994,Mo-Su 07:30-23:00,node,6184063886
星巴克,星巴克,中部,臺中市,西屯區,66000060,24.1648211,120.6436811,,node,6203243291
路易莎,路易莎咖啡,中部,臺中市,南屯區,66000070,24.1509888,120.6523185,Mo-Su 07:30-23:00,node,6275907771
路易莎,路易莎咖啡,中部,臺中市,大雅區,66000180,24.2286772,120.6473129,"Mo-Fr 06:30-18:00, Sa/Su 07:30-18:00",node,6379957667
路易莎,路易莎咖啡,中部,臺中市,西區,66000040,24.1399385,120.6587326,,node,6567003027
路易莎,路易莎咖啡,中部,臺中市,北屯區,66000080,24.1670209,120.7241696,,node,6743378493
路易莎,路易莎咖啡,中部,臺中市,南屯區,66000070,24.1423282,120.6386512,,node,6843918631
星巴克,星巴克,中部,臺中市,北屯區,66000080,24.1717452,120.6915629,,node,6881370446
路易莎,路易莎咖啡,中部,臺中市,西屯區,66000060,24.1840591,120.644849,Mo-Su 07:00-20:00,node,7025002136
路易莎,路易莎咖啡,中部,臺中市,潭子區,66000170,24.1944636,120.696662,,node,7558088838
路易莎,路易莎咖啡,中部,臺中市,西屯區,66000060,24.1864869,120.6147145,Mo-Su 07:00-22:00,node,7821852951
星巴克,星巴克,中部,臺中市,西區,66000040,24.1554235,120.6618094,,node,7826581238
路易莎,路易莎咖啡,中部,臺中市,西區,66000040,24.1450681,120.6529072,,node,7842069452
星巴克,星巴克,中部,臺中市,西屯區,66000060,24.1921169,120.611614,,node,7850670337
星巴克,星巴克,中部,臺中市,大雅區,66000180,24.2250127,120.6453229,,node,7859956782
路易莎,路易莎咖啡,中部,臺中市,北區,66000050,24.1537562,120.6674581,Mo-Su 07:00-22:00,node,7936158075
路易莎,路易莎咖啡美村直營店,中部,臺中市,西區,66000040,24.1526262,120.6618588,Mo-Su 07:00-21:30,node,8157870317
星巴克,星巴克,中部,彰化縣,彰化市,10007010,24.0677512,120.5398051,,node,9184316220
星巴克,星巴克,中部,臺中市,豐原區,66000090,24.2521412,120.7062043,,node,9417227896
星巴克,星巴克,中部,臺中市,潭子區,66000170,24.1957662,120.7221928,,node,9429919147
星巴克,星巴克,中部,彰化縣,彰化市,10007010,24.0959792,120.5468108,Mo-Su 07:00-22:00,node,9662302490
路易莎,路易莎,中部,臺中市,南區,66000030,24.120676,120.6536158,,node,10076653790
路易莎,路易莎咖啡,中部,臺中市,北區,66000050,24.1590062,120.6822768,,node,10094986897
星巴克,星巴克,中部,臺中市,梧棲區,66000140,24.259333,120.5174185,,node,10105948317
路易莎,路易莎咖啡,中部,臺中市,豐原區,66000090,24.2487058,120.7263619,,node,10107623161
路易莎,路易莎咖啡,中部,臺中市,大里區,66000280,24.1048258,120.6773488,,node,10118145477
路易莎,路易莎咖啡,中部,臺中市,北屯區,66000080,24.1827145,120.6781176,Mo-Su 07:00-20:00,node,10235783269
星巴克,星巴克,中部,臺中市,北屯區,66000080,24.1999292,120.6706998,Mo-Su 07:00-21:00,node,10235783270
星巴克,星巴克,中部,臺中市,北區,66000050,24.1640227,120.6849047,Mo-Su 07:00-21:30,node,10735178856
星巴克,星巴克,中部,臺中市,東區,66000020,24.1350668,120.6925655,,node,10856128978
星巴克,星巴克,中部,臺中市,烏日區,66000230,24.1055791,120.6321241,,node,10901545979
路易莎,路易莎咖啡,中部,臺中市,北區,66000050,24.1668828,120.6837805,,node,11011403543
星巴克,星巴克,中部,臺中市,烏日區,66000230,24.1111999,120.6155388,Mo-Su 06:00-22:00,node,11394010218
路易莎,路易莎咖啡,中部,臺中市,烏日區,66000230,24.1117088,120.6155804,Mo-Su 06:00-22:30,node,11394010222
路易莎,路易莎咖啡,中部,臺中市,沙鹿區,66000130,24.2184139,120.5793878,Mo-Su 07:00-22:00,node,12042771054
路易莎,Louisa Coffee 路易莎咖啡,中部,臺中市,北區,66000050,24.1487406,120.6868767,Mo-Su 07:00–17:00,node,12441639323
星巴克,星巴克,中部,臺中市,中區,66000010,24.1428173,120.6855551,,node,12941904321
星巴克,星巴克,中部,臺中市,南屯區,66000070,24.1422223,120.6137657,Mo-Su 07:00-21:00,node,13058175799
路易莎,路易莎咖啡,中部,臺中市,西區,66000040,24.1451547,120.6707375,,node,13062842972
路易莎,路易莎咖啡,中部,臺中市,北區,66000050,24.1633345,120.6783738,,node,13132320540
星巴克,星巴克,中部,臺中市,后里區,66000150,24.3117054,120.7229001,Mo-Su 07:00-21:00,node,13426388888
Cama,CAMA CAFE 大甲站前店,中部,臺中市,大甲區,66000110,24.3448865,120.6266543,,node,13994823700
路易莎,路易莎咖啡,中部,臺中市,大甲區,66000110,24.345776,120.6224468,,node,13999720792
星巴克,星巴克,中部,臺中市,大里區,66000280,24.1095609,120.6793752,mo-su: 07:00~22:30,way,303421612
星巴克,星巴克,中部,臺中市,沙鹿區,66000130,24.2346959,120.5585696,Mo-Fr 07:00-22:30; Sa-Su 07:30-22:30,way,338340396
丹堤咖啡,丹堤咖啡,中部,臺中市,西屯區,66000060,24.1793256,120.6017489,"Mo-Fr 07:00-19:00; Sa,Su 07:00-17:00",way,368091263
路易莎,路易莎咖啡,中部,臺中市,北屯區,66000080,24.1871028,120.6859499,Mo-Fr 07:00-21:00; Sa 07:30-21:30; Su 07:30-21:00,way,381865386
星巴克,星巴克,中部,臺中市,南屯區,66000070,24.1505849,120.6485072,Mo-Su 07:00-22:30,way,498718778
星巴克,星巴克,中部,臺中市,北屯區,66000080,24.1863698,120.6632796,Mo-Su 07:00-22:30,way,545257485
星巴克,星巴克,中部,臺中市,南屯區,66000070,24.1375335,120.6330707,Mo-Su 07:00-22:00,way,548482994
星巴克,星巴克,中部,臺中市,南屯區,66000070,24.1423462,120.6463894,Mo-Su 07:00-22:30,way,548482997
星巴克,星巴克,中部,彰化縣,鹿港鎮,10007020,24.0615561,120.436962,,way,565829254
星巴克,星巴克,中部,臺中市,南區,66000030,24.1202856,120.6509808,Mo-Su 07:00-22:30,way,577455073
路易莎,路易莎咖啡,中部,彰化縣,鹿港鎮,10007020,24.0557742,120.4343601,,way,654381628
星巴克,星巴克,中部,臺中市,后里區,66000150,24.3263127,120.702319,,way,795510491
星巴克,星巴克,中部,臺中市,北屯區,66000080,24.1742749,120.7192328,Mo-Su 07:00-22:00,way,808266821
星巴克,星巴克,中部,臺中市,北屯區,66000080,24.1884801,120.6866782,Mo-Su 07:00-22:30,way,1016516759
星巴克,星巴克,中部,臺中市,大肚區,66000240,24.1395525,120.5504059,Mo-Sa 07:00-21:00,way,1093580760
星巴克,星巴克,中部,臺中市,沙鹿區,66000130,24.2305985,120.5732783,Mo-Su 06:30-21:30,way,1227492734
星巴克,星巴克,中部,彰化縣,花壇鄉,10007080,24.0228984,120.5421253,Mo-Su 06:30-22:00,way,1342575188
星巴克,星巴克,中部,臺中市,龍井區,66000250,24.214961,120.5518318,Mo-Su 07:00-21:00,way,1350653394
星巴克,星巴克,中部,臺中市,大甲區,66000110,24.3412418,120.6201515,,way,1420974365
星巴克,星巴克,北部,新竹縣,竹北市,10004010,24.8197963,121.0274002,Mo-Su 06:30-21:00,node,936369017
星巴克,星巴克,北部,新竹縣,竹北市,10004010,24.8084123,121.0405643,Mo-Su 06:30-22:00,node,936369025
星巴克,星巴克,北部,新竹市,東區,10018010,24.7785278,121.0195828,Mo-Su 06:30-22:00,node,1378014348
星巴克,星巴克,北部,新竹市,東區,10018010,24.7852661,121.0188908,Mo-Su 06:30-21:30,node,1683033421
星巴克,星巴克,北部,新竹市,北區,10018020,24.8102369,120.9690925,06:30-21:30,node,2902899708
Cama,cama,北部,新竹縣,竹北市,10004010,24.820692,121.0269861,,node,2903347545
路易莎,路易莎咖啡,北部,新竹市,東區,10018010,24.8027798,120.9716595,,node,2916975596
路易莎,路易莎咖啡,北部,新竹市,東區,10018010,24.784672,120.9996805,Mo-Sa 10:00-21:30,node,3387850921
星巴克,星巴克,北部,新竹縣,竹北市,10004010,24.8108211,121.0274204,Mo-Su 06:30-21:00,node,4367773925
星巴克,星巴克,北部,桃園市,龍潭區,68000090,24.8681678,121.2181119,Mo-Su 07:00-22:00,node,4515533289
星巴克,星巴克,北部,新竹市,東區,10018010,24.8026983,120.9704557,Su-Th 07:00-21:30; Fr-Sa 07:00-22:00,node,4551198799
星巴克,星巴克,北部,新竹市,東區,10018010,24.8099352,120.9740811,Su-Th 11:00-21:30; Fr-Sa 11:00-22:00,node,4603593991
星巴克,星巴克,北部,新竹縣,竹北市,10004010,24.8153987,121.0243052,Mo-Su 06:30-22:00,node,5134971921
路易莎,路易莎,北部,新竹市,東區,10018010,24.7953351,120.9989404,,node,5160630482
星巴克,星巴克,北部,新竹市,北區,10018020,24.8112122,120.9564677,07:00-21:30,node,5301083533
丹堤咖啡,,北部,新竹縣,竹北市,10004010,24.8209645,121.0262086,Mo-Su 07:00-21:00,node,5763711119
星巴克,星巴克,北部,新竹市,東區,10018010,24.7971567,120.9966635,Mo-Sa 06:30-21:00; Sa-Su 06:30-20:30,node,6246613995
怡客咖啡,怡客咖啡,北部,新竹市,東區,10018010,24.8005743,120.9890294,,node,6246614000
Cama,cama,北部,新竹縣,竹北市,10004010,24.8406179,121.0115984,,node,6246614004
路易莎,路易莎咖啡,北部,新竹縣,竹北市,10004010,24.8332874,121.0063082,,node,6246614005
路易莎,路易莎咖啡,北部,新竹縣,竹北市,10004010,24.8084982,121.0331097,,node,6246614006
路易莎,路易莎咖啡,北部,新竹縣,新豐鄉,10004060,24.8740968,120.9944794,Mo-Su 07:00-17:00,node,6246614007
路易莎,路易莎咖啡,北部,新竹縣,竹北市,10004010,24.8185706,121.0235728,,node,6246614008
路易莎,路易莎咖啡,北部,新竹縣,竹東鎮,10004020,24.7440829,121.0832452,,node,6246614009
路易莎,路易莎咖啡,北部,新竹縣,竹北市,10004010,24.8235055,121.0141786,,node,6246614010
路易莎,路易莎咖啡,北部,新竹縣,竹北市,10004010,24.8283114,121.0103324,,node,6246614011
路易莎,路易莎咖啡,北部,新竹縣,竹北市,10004010,24.8220198,121.0265293,Mo-Su 07:00-17:00,node,6246614012
路易莎,路易莎咖啡,北部,新竹縣,竹北市,10004010,24.8304958,121.015821,,node,6246614013
路易莎,路易莎咖啡,北部,新竹市,東區,10018010,24.7867772,121.019476,,node,6246614014
路易莎,路易莎咖啡,北部,新竹市,北區,10018020,24.8210824,120.9682836,,node,6246614015
路易莎,路易莎咖啡,北部,新竹市,東區,10018010,24.7904266,121.0149064,Mo-Su 07:00-19:00,node,6246614016
路易莎,路易莎咖啡,北部,新竹市,北區,10018020,24.8097315,120.9678737,,node,6246614017
路易莎,路易莎咖啡,北部,新竹縣,竹東鎮,10004020,24.7380654,121.093964,,node,6845181061
星巴克,星巴克,中部,苗栗縣,後龍鎮,10005060,24.6057574,120.8256088,,node,7440448602
Cama,cama café 新竹巨城店,北部,新竹市,東區,10018010,24.810388,120.9767187,,node,8237613302
星巴克,星巴克,北部,新竹市,北區,10018020,24.8190959,120.9697207,07:00-21:30,node,9029164636
星巴克,星巴克,北部,新竹市,北區,10018020,24.8163114,120.9797151,Mo-Fr 07:00-17:30; Sa-Su 07:00-13:00,node,9029164637
星巴克,星巴克,北部,新竹市,東區,10018010,24.8002215,120.9792315,Mo-Su 07:00-21:00,node,9029164638
星巴克,星巴克,北部,新竹市,東區,10018010,24.8015848,120.9646715,Mo-Su 08:30-22:00,node,9029164639
星巴克,星巴克,北部,新竹縣,湖口鄉,10004050,24.8610484,121.0123893,Mo-Su 08:00-21:00,node,9029164640
路易莎,路易莎咖啡,北部,新竹市,東區,10018010,24.7955204,120.9949786,,node,9140673217
路易莎,路易莎咖啡,中部,苗栗縣,頭份市,10005050,24.6946977,120.9115327,Mo-Su 07:00-19:00,node,9333323074
星巴克,星巴克,中部,苗栗縣,苗栗市,10005010,24.5634917,120.8134876,,node,9385676810
星巴克,星巴克,中部,苗栗縣,頭份市,10005050,24.6934738,120.8998232,,node,9482906824
路易莎,路易莎咖啡,北部,桃園市,龍潭區,68000090,24.867797,121.2174833,Mo-Su 07:00-21:00,node,9562270268
星巴克,星巴克,中部,苗栗縣,西湖鄉,10005140,24.5660499,120.7596251,,node,9681818529
路易莎,路易莎咖啡,北部,新竹市,東區,10018010,24.8094236,120.9774457,,node,9974312838
路易莎,路易莎咖啡,北部,桃園市,大溪區,68000030,24.8943583,121.2760919,,node,9993983357
星巴克,星巴克,北部,新竹市,東區,10018010,24.805368,120.9844661,,node,10584246510
星巴克,星巴克,北部,新竹市,東區,10018010,24.8006537,120.9873936,Mo-Fr 07:30-19:00; Sa-Su 08:30-17:00,node,10682997709
星巴克,星巴克,北部,新竹市,東區,10018010,24.7908131,121.013607,,node,11401048971
路易莎,路易莎咖啡,北部,新竹市,東區,10018010,24.8023749,120.995317,,node,11636599721
星巴克,星巴克咖啡,北部,新竹市,東區,10018010,24.7805347,120.9981921,Mo-Fr 07:30-19:00; Sa-Su off,node,11725971044
星巴克,星巴克,北部,新竹縣,竹北市,10004010,24.8230187,121.0236013,Mo-Th 11:00-21:30; Fr-Su 11:00-22:00,node,11985099080
星巴克,星巴克,北部,新竹市,東區,10018010,24.8051142,120.9712995,Mo-Su 07:00-22:00,way,289187435
星巴克,星巴克,北部,新竹縣,新豐鄉,10004060,24.8698284,120.9968698,Mo-Su 07:00-22:00,way,361403176
星巴克,星巴克,北部,新竹縣,竹北市,10004010,24.8311112,121.0127611,Mo-Su 06:30-21:30,way,439149849
星巴克,星巴克,北部,新竹市,東區,10018010,24.7907315,121.0134719,Mo-Su 06:30-21:30,way,971883358
星巴克,星巴克,北部,新竹縣,芎林鄉,10004070,24.77616,121.0752724,Mo-Su 07:00-21:00,way,1062232633
星巴克,星巴克,北部,新竹縣,湖口鄉,10004050,24.8958191,121.0417216,Mo-Su 07:00-22:00,way,1292613454
星巴克,星巴克,北部,新竹縣,竹東鎮,10004020,24.7337548,121.0921017,Mo-Su 07:00-21:00,way,1292806247
星巴克,星巴克,北部,新竹縣,竹北市,10004010,24.81032,121.0334351,Mo-Su 06:30-21:00,way,1347717273
星巴克,星巴克,北部,桃園市,大溪區,68000030,24.8835227,121.2851301,"Mo-Fr 07:00-19:00; Sa, Su 07:00-20:00",way,1388416249
星巴克,星巴克,中部,苗栗縣,苑裡鎮,10005020,24.4037591,120.6636984,Mo-Su 07:00-21:00,way,1446643112
路易莎,Louisa Coffee 路易莎咖啡,北部,新竹市,東區,10018010,24.800343,120.9774244,Tu-Su 09:00-17:00,way,1530244627
星巴克,星巴克,北部,桃園市,桃園區,68000010,25.0162526,121.3049423,,node,615759898
星巴克,星巴克,北部,桃園市,中壢區,68000020,25.0013758,121.2289232,,node,1265312575
星巴克,星巴克,北部,桃園市,蘆竹區,68000050,25.0402193,121.2951124,,node,1455760853
星巴克,星巴克,北部,桃園市,中壢區,68000020,24.9724243,121.2533527,,node,1699673355
星巴克,星巴克,北部,桃園市,中壢區,68000020,24.9632142,121.2235133,Su-Th 06:30-22:30; Fr-Sa 06:30-23:00,node,1900432881
星巴克,星巴克,北部,桃園市,桃園區,68000010,24.9898319,121.3139741,,node,1911706790
星巴克,星巴克,北部,桃園市,中壢區,68000020,24.9622886,121.2251379,Mo-Su 06:30-22:30,node,2125568597
Cama,cama咖啡,北部,桃園市,中壢區,68000020,24.9553248,121.2256253,,node,2125626853
星巴克,星巴克,北部,桃園市,中壢區,68000020,25.0132358,121.2152732,,node,2898556814
星巴克,星巴克,北部,桃園市,中壢區,68000020,24.955984,121.2248191,Su-Th 06:30-22:30; Fr-Sa 06:30-23:00,node,3785979368
星巴克,星巴克,北部,桃園市,中壢區,68000020,24.964188,121.2575822,,node,4335831138
星巴克,星巴克,北部,桃園市,大園區,68000060,25.077086,121.2330325,,node,4524863950
Cama,cama café,北部,桃園市,中壢區,68000020,24.9632248,121.223435,Mo-Fr 07:30-20:00; Sa-Su 09:00-21:00,node,5213821522
星巴克,星巴克,北部,桃園市,桃園區,68000010,24.9944582,121.3020546,,node,5269647601
星巴克,星巴克,北部,桃園市,桃園區,68000010,24.985009,121.285667,,node,5300492122
星巴克,星巴克,北部,桃園市,桃園區,68000010,24.993124,121.3131249,,node,5313799645
星巴克,星巴克,北部,桃園市,桃園區,68000010,25.0117557,121.2985922,Mo-Su 07:00-20:30,node,5449485548
星巴克,星巴克,北部,桃園市,桃園區,68000010,25.0146493,121.3005785,,node,5612907922
路易莎,路易莎咖啡,北部,桃園市,桃園區,68000010,25.0164294,121.2963688,,node,5819611717
星巴克,星巴克,北部,桃園市,中壢區,68000020,24.9571719,121.2408305,,node,5889456293
路易莎,路易莎咖啡,北部,桃園市,桃園區,68000010,24.9920277,121.3028382,,node,6079170293
路易莎,路易莎咖啡,北部,桃園市,八德區,68000080,24.9648733,121.2965324,,node,6172831780
星巴克,星巴克,北部,桃園市,桃園區,68000010,24.990242,121.311518,,node,6172831810
星巴克,星巴克,北部,桃園市,八德區,68000080,24.9648157,121.2988234,,node,6366861325
路易莎,路易莎咖啡,北部,桃園市,中壢區,68000020,25.0010898,121.2042245,Mo-Su 08:00-21:00,node,6720093288
星巴克,星巴克,北部,桃園市,蘆竹區,68000050,25.0532102,121.2885876,,node,6779687925
路易莎,路易莎咖啡,北部,桃園市,桃園區,68000010,24.9961737,121.294885,Mo-Su 07:00-21:00,node,6835198787
星巴克,星巴克,北部,桃園市,平鎮區,68000100,24.9569096,121.2030441,,node,6839576975
星巴克,星巴克,北部,桃園市,桃園區,68000010,24.988832,121.3143799,,node,6861080698
路易莎,路易莎咖啡,北部,桃園市,中壢區,68000020,24.9745495,121.2557495,Mo-Fr 07:00-20:30,node,7076473176
星巴克,星巴克,北部,桃園市,桃園區,68000010,24.9995306,121.2881149,,node,7432051373
星巴克,星巴克,北部,新北市,鶯歌區,65000080,24.9521743,121.3473163,,node,7775679334
路易莎,路易莎咖啡,北部,桃園市,中壢區,68000020,24.958579,121.1704227,,node,7984708242
路易莎,路易莎咖啡,北部,桃園市,八德區,68000080,24.9647241,121.3052783,,node,8412255585
星巴克,星巴克,北部,桃園市,桃園區,68000010,25.0252264,121.3014829,Mo-Su 07:00-21:00,node,9314738246
路易莎,路易莎咖啡,北部,桃園市,桃園區,68000010,25.0226118,121.2934809,,node,9314796042
路易莎,路易莎咖啡,北部,桃園市,桃園區,68000010,25.01386,121.3045627,,node,9314796073
路易莎,路易莎咖啡(桃園埔心店),北部,桃園市,楊梅區,68000040,24.9189144,121.1837512,07:00-19:30,node,9363069618
路易莎,路易莎咖啡,北部,桃園市,八德區,68000080,24.9598371,121.2933787,,node,9404141666
路易莎,路易莎咖啡,北部,桃園市,桃園區,68000010,25.0088159,121.3114657,,node,9468616070
星巴克,星巴克,北部,桃園市,龜山區,68000070,24.9935383,121.3313441,Mo-Su 07:00-21:30,node,9481377347
路易莎,路易莎咖啡,北部,桃園市,楊梅區,68000040,24.9119771,121.1456256,07:00-21:00,node,9553478472
路易莎,路易莎咖啡,北部,桃園市,桃園區,68000010,24.9881474,121.2879683,,node,9564966997
路易莎,路易莎咖啡,北部,桃園市,蘆竹區,68000050,25.0400502,121.2930947,Mo-Su 07:30-22:00,node,9584394819
路易莎,路易莎咖啡,北部,桃園市,龜山區,68000070,25.0473828,121.2991557,,node,9596383880
路易莎,路易莎咖啡,北部,桃園市,楊梅區,68000040,24.9135164,121.1461522,,node,9684702612
路易莎,路易莎咖啡,北部,桃園市,八德區,68000080,24.9296066,121.2891697,Mo-Su 07:00-21:00,node,9719845107
路易莎,路易莎咖啡,北部,桃園市,桃園區,68000010,24.9926806,121.3119367,,node,9789619362
路易莎,路易莎咖啡,北部,桃園市,中壢區,68000020,24.9581058,121.2257231,Mo-Su 07:00-22:00,node,10244589069
路易莎,路易莎咖啡,北部,桃園市,中壢區,68000020,24.9559057,121.2229114,,node,10713473014
星巴克,星巴克,北部,桃園市,中壢區,68000020,24.9688959,121.2501197,,node,10723664235
路易莎,路易莎咖啡,北部,桃園市,平鎮區,68000100,24.9670159,121.1906809,,node,10772624476
路易莎,路易莎咖啡（八德建德門市）,北部,桃園市,八德區,68000080,24.9281119,121.2815337,Mo-Su 07:00-18:00,node,10910042977
Cama,cama café,北部,桃園市,桃園區,68000010,24.981742,121.311608,Mo-Su 07:30-19:00,node,11047692858
星巴克,星巴克,北部,桃園市,桃園區,68000010,25.0026191,121.3138174,,node,11070649579
星巴克,星巴克,北部,桃園市,大園區,68000060,25.0616016,121.1756999,,node,11140369237
路易莎,路易莎咖啡,北部,桃園市,桃園區,68000010,25.0107211,121.3196415,Mo-Su 07:00-18:00,node,11669035806
星巴克,星巴克,北部,桃園市,大園區,68000060,25.0780099,121.2308241,,node,11768036568
路易莎,路易莎咖啡,北部,桃園市,桃園區,68000010,24.9948817,121.3011635,,node,12384218078
路易莎,路易莎咖啡,北部,桃園市,八德區,68000080,24.9603085,121.2991169,,node,12438080545
路易莎,路易莎咖啡,北部,桃園市,桃園區,68000010,24.9968996,121.318424,,node,12584730691
Cama,Cama Cafe,北部,桃園市,桃園區,68000010,25.0157683,121.3126599,,node,12925171097
星巴克,星巴克,北部,新北市,鶯歌區,65000080,24.9697786,121.3330258,,node,13273357030
路易莎,Louisa,北部,桃園市,中壢區,68000020,24.9716151,121.2337574,,node,13566080701
路易莎,路易莎咖啡,北部,桃園市,中壢區,68000020,24.9625004,121.2553671,,node,13879391702
星巴克,星巴克,北部,桃園市,中壢區,68000020,24.9542666,121.2343637,Mo-Su 07:30-21:30,node,14048312027
路易莎,路易莎咖啡,北部,桃園市,中壢區,68000020,24.9625557,121.232149,,node,14050448300
星巴克,星巴克,北部,桃園市,八德區,68000080,24.9537897,121.2978786,,node,14197144101
星巴克,星巴克,北部,桃園市,楊梅區,68000040,24.9110502,121.1743157,,way,456155119
星巴克,星巴克,北部,桃園市,桃園區,68000010,24.9886391,121.2865982,Mo-Su 06:30-20:00,way,679676448
星巴克,星巴克,北部,桃園市,楊梅區,68000040,24.9086402,121.1568516,,way,1033538064
星巴克,星巴克,北部,桃園市,蘆竹區,68000050,25.0214431,121.263696,,way,1052064359
星巴克,星巴克,北部,桃園市,中壢區,68000020,25.0032719,121.2056081,Mo-Sa 07:00-22:00,way,1097666900
星巴克,星巴克,北部,桃園市,八德區,68000080,24.9286964,121.2814576,,way,1174195435
星巴克,星巴克,北部,桃園市,桃園區,68000010,24.982291,121.3188583,,way,1334640217
星巴克,星巴克,北部,桃園市,大園區,68000060,25.0636033,121.1938443,,way,1561065698
星巴克,星巴克,北部,新北市,林口區,65000170,25.0770534,121.3745565,Mo-Su 07:00-22:30,node,1929944058
星巴克,星巴克,北部,新北市,三重區,65000020,25.0893668,121.4892166,,node,2207845685
路易莎,路易莎咖啡,北部,新北市,新莊區,65000050,25.0351673,121.4488247,Mo-Sa 07:00-22:00,node,2395778707
星巴克,星巴克,北部,新北市,樹林區,65000070,24.9475716,121.3797951,Mo-Su 06:30-22:00,node,2413063627
星巴克,星巴克,北部,新北市,中和區,65000030,24.9969311,121.4864226,,node,2614385431
星巴克,星巴克,北部,新北市,中和區,65000030,24.9984473,121.487483,,node,2614385434
星巴克,星巴克,北部,新北市,板橋區,65000010,25.0287601,121.4735959,Su-Th 07:00-23:00; Fr-Sa 07:00-23:30,node,2638377053
星巴克,星巴克,北部,新北市,板橋區,65000010,25.0083286,121.460091,,node,2716998341
星巴克,星巴克,北部,新北市,板橋區,65000010,25.0143815,121.4640188,,node,2717052415
星巴克,星巴克,北部,新北市,淡水區,65000100,25.1683462,121.4441595,Mo-Fr 07:00-22:30; Sa-Su 07:30-22:30,node,2909069806
星巴克,星巴克,北部,新北市,淡水區,65000100,25.1822066,121.4137349,,node,2914262902
丹堤咖啡,丹堤咖啡,北部,新北市,淡水區,65000100,25.169669,121.4417975,,node,2930465706
星巴克,星巴克,北部,新北市,新莊區,65000050,25.0489451,121.4475621,,node,2971153824
路易莎,路易莎咖啡,北部,新北市,淡水區,65000100,25.1670881,121.4465099,,node,3006495333
星巴克,星巴克,北部,新北市,板橋區,65000010,25.0203602,121.4666927,Mo-Fr 07:00-21:30; Sa-Su 07:30-21:30,node,3245728374
路易莎,路易莎咖啡,北部,新北市,板橋區,65000010,25.0198451,121.4655951,Mo-Su 07:00-22:00,node,3292775578
路易莎,路易莎咖啡,北部,新北市,樹林區,65000070,24.990923,121.4254782,,node,3322781396
星巴克,星巴克,北部,新北市,蘆洲區,65000140,25.0881792,121.459628,,node,3350431790
星巴克,星巴克,北部,新北市,林口區,65000170,25.0728718,121.364915,Mo-Su 07:00-22:30,node,3384221911
星巴克,星巴克,北部,桃園市,龜山區,68000070,25.0597984,121.3688735,06:30-22:00,node,3423152877
路易莎,路易莎咖啡,北部,新北市,中和區,65000030,25.0027718,121.4965305,,node,3439380030
丹堤咖啡,丹堤咖啡,北部,新北市,板橋區,65000010,25.0180698,121.4785793,Mo-Su 07:00-22:00,node,3624471054
星巴克,星巴克,北部,新北市,樹林區,65000070,24.9888136,121.4220429,,node,3640956920
怡客咖啡,怡客咖啡,北部,新北市,板橋區,65000010,25.0297674,121.4718456,,node,3682801677
星巴克,星巴克,北部,新北市,三峽區,65000090,24.9444632,121.3772685,Mo-Su 07:00-22:00,node,3707814401
星巴克,星巴克,北部,新北市,新莊區,65000050,25.0357356,121.4500374,,node,3710948054
路易莎,路易莎咖啡,北部,新北市,林口區,65000170,25.0768653,121.3741589,,node,3722267486
丹堤咖啡,丹堤咖啡,北部,新北市,樹林區,65000070,24.9462066,121.3799229,07:00-21:30,node,3731275465
星巴克,星巴克,北部,新北市,土城區,65000130,24.9865366,121.4650412,,node,3785975810
星巴克,星巴克,北部,新北市,板橋區,65000010,25.0223026,121.4720478,,node,4122381689
星巴克,星巴克,北部,新北市,新莊區,65000050,25.0265398,121.4175814,Mo-Fr 07:00-21:30; Sa-Su 07:30-21:30,node,4156554947
星巴克,星巴克,北部,新北市,中和區,65000030,25.0070582,121.4752066,Mo-Su 10:30-22:00,node,4258229823
星巴克,星巴克,北部,新北市,中和區,65000030,25.0008693,121.4973512,,node,4338058540
星巴克,星巴克,北部,新北市,三重區,65000020,25.0616324,121.4886886,,node,4446911291
路易莎,路易莎咖啡,北部,桃園市,龜山區,68000070,25.0403527,121.3886793,Mo-Su-Th 07:00-21:00,node,4699309216
星巴克,星巴克,北部,新北市,板橋區,65000010,24.998652,121.456946,,node,4727092985
星巴克,星巴克,北部,新北市,新莊區,65000050,25.04126,121.4453841,,node,4820442014
星巴克,星巴克,北部,桃園市,龜山區,68000070,25.0579894,121.3659467,,node,4825406703
星巴克,星巴克,北部,新北市,泰山區,65000160,25.0514513,121.4280393,,node,4895547277
路易莎,路易莎咖啡,北部,新北市,林口區,65000170,25.0662409,121.3616555,11:00-21:30,node,4937872371
星巴克,星巴克,北部,臺北市,萬華區,63000070,25.0334836,121.4983976,Mo-Fr 07:00-21:30; Sa-Su 07:30-21:30,node,5129807585
星巴克,星巴克,北部,新北市,新莊區,65000050,25.0535147,121.4602943,,node,5160603238
星巴克,星巴克,北部,新北市,板橋區,65000010,24.9967381,121.4525398,,node,5263069993
星巴克,星巴克,北部,新北市,蘆洲區,65000140,25.087372,121.4712017,,node,5280999825
路易莎,路易莎咖啡,北部,新北市,淡水區,65000100,25.1681236,121.447603,,node,5403564287
路易莎,路易莎咖啡,北部,新北市,淡水區,65000100,25.1372917,121.459789,Mo-Su 07:00-22:00,node,5534938268
路易莎,路易莎咖啡,北部,新北市,三重區,65000020,25.060614,121.4929665,Mo-Su 07:00-21:00,node,5563819319
路易莎,路易莎咖啡,北部,桃園市,龜山區,68000070,25.0591289,121.3695146,,node,5624488646
星巴克,星巴克,北部,新北市,淡水區,65000100,25.18497,121.4440646,,node,5637016809
星巴克,星巴克,北部,新北市,樹林區,65000070,24.995774,121.4282724,,node,5687173437
路易莎,路易莎咖啡,北部,新北市,土城區,65000130,24.9868922,121.4507728,Mo-Su 09:00-22:00,node,5707073557
星巴克,星巴克,北部,新北市,三重區,65000020,25.0790531,121.4820371,,node,5871618054
星巴克,星巴克,北部,臺北市,北投區,63000120,25.1247256,121.4669691,,node,5980540982
星巴克,星巴克,北部,新北市,土城區,65000130,24.9833648,121.4589408,"Mo-Fr 07:30-22:00, Sa-Su 08:00-22:00",node,5998320824
路易莎,路易莎咖啡,北部,臺北市,萬華區,63000070,25.0354099,121.498974,,node,6060092206
路易莎,路易莎咖啡,北部,新北市,三重區,65000020,25.0684418,121.4993111,,node,6139877686
路易莎,路易莎咖啡,北部,新北市,新莊區,65000050,25.0263561,121.4179491,,node,6140772383
路易莎,路易莎,北部,新北市,新莊區,65000050,25.0533154,121.4548114,,node,6182991541
路易莎,路易莎咖啡,北部,新北市,板橋區,65000010,25.0117078,121.4687125,Mo-Su 07:00-21:00,node,6434859442
路易莎,路易莎咖啡,北部,新北市,板橋區,65000010,25.0107531,121.4638726,Mo-Su 07:00-09:00,node,6437532100
路易莎,路易莎咖啡,北部,新北市,板橋區,65000010,25.0072094,121.4598449,Mo-Su 08:00-19:00,node,6440290229
星巴克,星巴克,北部,新北市,新莊區,65000050,25.0321151,121.432028,Mo-Fr 07:00-22:00; Sa-Su 08:00-22:00,node,6467402885
星巴克,星巴克,北部,新北市,三重區,65000020,25.0433167,121.4676206,,node,6480711085
路易莎,路易莎咖啡,北部,新北市,新莊區,65000050,25.0321712,121.4501328,,node,6485838027
路易莎,路易莎咖啡,北部,臺北市,萬華區,63000070,25.0264472,121.4942557,Mo-Su 07:00-17:00,node,6720843996
路易莎,路易莎咖啡,北部,新北市,樹林區,65000070,24.9904275,121.4229246,,node,6813742609
路易莎,路易莎咖啡,北部,新北市,土城區,65000130,24.9870428,121.4505059,,node,6859215686
路易莎,路易莎咖啡,北部,新北市,林口區,65000170,25.073985,121.3804729,,node,6907606642
丹堤咖啡,,北部,新北市,板橋區,65000010,25.0089823,121.4585927,,node,6939050385
星巴克,星巴克,北部,新北市,三重區,65000020,25.0659657,121.4966348,,node,7365964002
路易莎,路易莎咖啡LOUISA COFFEE,北部,新北市,三重區,65000020,25.0626899,121.4995301,,node,7368631849
路易莎,路易莎咖啡,北部,新北市,三峽區,65000090,24.9431162,121.3746004,,node,7759800301
路易莎,路易莎咖啡,北部,新北市,泰山區,65000160,25.0557779,121.4338382,,node,7944510028
Cama,cama café,北部,新北市,板橋區,65000010,24.9977698,121.4533227,,node,7977181276
路易莎,路易莎咖啡,北部,新北市,板橋區,65000010,25.0309592,121.4729429,,node,7981635277
Cama,cama café,北部,新北市,板橋區,65000010,25.0313375,121.4738816,,node,7981635278
路易莎,路易莎咖啡,北部,新北市,板橋區,65000010,25.0127027,121.4755786,Mo-Su 07:00-17:00,node,8003776683
路易莎,路易莎咖啡,北部,新北市,板橋區,65000010,25.0151098,121.479329,Mo-Su 07:00-21:00,node,8018096080
Cama,cama café 新莊幸福店,北部,新北市,新莊區,65000050,25.0492884,121.4511422,,node,8237590334
Cama,cama café 新莊新泰店,北部,新北市,新莊區,65000050,25.04134,121.4455191,,node,8237592766
路易莎,路易莎咖啡,北部,新北市,新莊區,65000050,25.0176248,121.4279611,,node,8780196617
路易莎,路易莎咖啡,北部,新北市,土城區,65000130,24.9782899,121.444875,,node,9108436623
星巴克,星巴克,北部,新北市,土城區,65000130,24.9786251,121.4443918,,node,9108436642
路易莎,路易莎咖啡,北部,新北市,新莊區,65000050,25.054709,121.4452963,Mo-Su 07:00-20:00,node,9160335256
星巴克,星巴克,北部,新北市,板橋區,65000010,25.0020754,121.4607517,,node,9229352490
路易莎,路易莎咖啡,北部,新北市,板橋區,65000010,25.0240893,121.4606778,,node,9336807036
路易莎,路易莎咖啡,北部,新北市,三重區,65000020,25.0617721,121.4835741,Mo-Su 07:00-21:00,node,9365697651
路易莎,路易莎咖啡,北部,新北市,新莊區,65000050,25.0494457,121.4556102,,node,9385907806
路易莎,路易莎咖啡,北部,新北市,三重區,65000020,25.0836913,121.4917215,,node,9413227026
路易莎,路易莎咖啡,北部,新北市,泰山區,65000160,25.0420044,121.4248379,,node,9459411433
路易莎,路易莎咖啡,北部,新北市,淡水區,65000100,25.182787,121.4461809,,node,9662178512
星巴克,星巴克,北部,桃園市,龜山區,68000070,25.059448,121.3655328,,node,9830052892
路易莎,路易莎咖啡,北部,新北市,板橋區,65000010,25.0177099,121.4695966,Mo-Su 07:00-21:00,node,9843008452
路易莎,路易莎咖啡,北部,新北市,土城區,65000130,24.9804905,121.4589241,,node,9867275827
路易莎,路易莎咖啡,北部,新北市,林口區,65000170,25.0749789,121.369281,,node,9909537926
路易莎,路易莎咖啡,北部,新北市,林口區,65000170,25.069975,121.3712211,,node,9909537927
路易莎,路易莎咖啡,北部,新北市,林口區,65000170,25.0731253,121.3643939,,node,9909537928
路易莎,路易莎咖啡,北部,桃園市,龜山區,68000070,25.0580701,121.3646564,,node,9909537929
路易莎,路易莎咖啡,北部,桃園市,龜山區,68000070,25.0605423,121.3701329,,node,9909537930
丹堤咖啡,丹堤咖啡,北部,新北市,林口區,65000170,25.076627,121.375264,,node,9955245402
星巴克,星巴克,北部,新北市,林口區,65000170,25.0695912,121.365702,,node,9957563606
路易莎,路易莎咖啡,北部,新北市,板橋區,65000010,24.9984129,121.4470694,,node,9960769495
星巴克,星巴克,北部,新北市,板橋區,65000010,25.0138899,121.467006,Mo-Su 11:00-22:00,node,10720229135
路易莎,路易莎咖啡,北部,新北市,板橋區,65000010,25.0076302,121.4612157,Mo-Su 07:00-21:00,node,11061673340
Cama,cama café,北部,新北市,板橋區,65000010,25.0123311,121.4755835,Mo-Fr 07:30-19:00; Sa-Su 08:00-18:00,node,11096920819
星巴克,星巴克,北部,新北市,板橋區,65000010,25.0234887,121.4689412,Mo-Sa 07:00-21:30; Su 07:30-21:30,node,11141086488
路易莎,路易莎咖啡,北部,新北市,中和區,65000030,25.0001119,121.4878772,,node,11773856175
路易莎,路易莎咖啡,北部,新北市,板橋區,65000010,25.0016013,121.4553226,,node,11815982620
星巴克,Starbucks Reserve,北部,新北市,新莊區,65000050,25.0596587,121.4497045,,node,12167425799
路易莎,路易莎咖啡,北部,新北市,三重區,65000020,25.0717599,121.4945195,Mo-Fr 07:00-17:00; Sa-Su 08:00-17:00,node,12181417500
路易莎,路易莎咖啡,北部,新北市,土城區,65000130,24.9830543,121.465694,,node,13321758841
星巴克,星巴克,北部,新北市,三峽區,65000090,24.9442941,121.3746017,Mo-Su 07:00-21:00,node,13426388887
星巴克,星巴克,北部,新北市,三重區,65000020,25.0552748,121.4830486,,node,13426388889
星巴克,星巴克,北部,新北市,林口區,65000170,25.0660574,121.361388,Mo-Su 07:00-22:00,node,13426388890
Cama,CAMA CAFE 蘆洲中山店,北部,新北市,蘆洲區,65000140,25.0815524,121.4720711,,node,13535823701
星巴克,星巴克,北部,新北市,淡水區,65000100,25.1714594,121.4371331,Mo-Fr 08:00-22:30; Sa-Su 07:30-22:30,way,297729587
星巴克,星巴克,北部,新北市,淡水區,65000100,25.1808715,121.4282668,,way,297831034
星巴克,星巴克,北部,桃園市,龜山區,68000070,25.0183083,121.4053622,Mo-Su 07:00-21:30,way,414220695
路易莎,LOUISA COFFEE 路易．莎咖啡,北部,新北市,新莊區,65000050,25.0304038,121.4346904,Mo-Sa 08:00-22:00,way,431645639
星巴克,星巴克,北部,新北市,淡水區,65000100,25.1550434,121.4588949,Mo-Su 07:30-21:30,way,833098540
星巴克,星巴克,北部,新北市,林口區,65000170,25.081457,121.3813164,Mo-Su 07:00-21:00,way,1049822374
星巴克,星巴克,北部,新北市,中和區,65000030,25.0014124,121.4978471,Mo-Sa 07:00-21:00,way,1377475859
星巴克,星巴克,北部,新北市,林口區,65000170,25.0670852,121.3559583,,way,1489379174
星巴克,星巴克,北部,臺北市,大安區,63000030,25.0217357,121.5412623,"Mo-Fr 06:30-20:00; Sa,Su 06:30-19:00",node,469620172
星巴克,星巴克,北部,臺北市,大安區,63000030,25.0174739,121.5318717,Mo-Su 07:30-18:00,node,469620173
星巴克,星巴克,北部,臺北市,中正區,63000050,25.0424,121.5130319,Mo-Su 07:00-22:00,node,469812997
星巴克,星巴克,北部,臺北市,信義區,63000020,25.0316247,121.5610251,,node,569951361
星巴克,星巴克,北部,臺北市,中正區,63000050,25.0138141,121.5303101,Mo-Su 07:30-19:30,node,736470054
星巴克,星巴克,北部,臺北市,中山區,63000040,25.0835684,121.5461965,,node,1720016588
星巴克,星巴克,北部,臺北市,南港區,63000090,25.0580903,121.6131236,,node,1720282435
星巴克,星巴克,北部,臺北市,南港區,63000090,25.0572563,121.6119437,,node,1720282437
怡客咖啡,怡客咖啡,北部,臺北市,中正區,63000050,25.0293023,121.5187691,Mo-Su 07:00-22:30,node,1735966199
星巴克,星巴克,北部,臺北市,內湖區,63000100,25.0823274,121.5670778,,node,1832923214
星巴克,星巴克,北部,臺北市,內湖區,63000100,25.0810067,121.5704747,,node,1837961146
星巴克,星巴克,北部,臺北市,北投區,63000120,25.1165285,121.5162299,,node,1843811036
星巴克,星巴克,北部,臺北市,中正區,63000050,25.0419973,121.5317058,,node,1973476982
星巴克,星巴克,北部,臺北市,內湖區,63000100,25.0687002,121.5929029,,node,1992113481
星巴克,星巴克,北部,臺北市,中山區,63000040,25.0835841,121.5567636,,node,1993453983
星巴克,星巴克,北部,臺北市,內湖區,63000100,25.0790356,121.5732871,,node,1995088872
星巴克,星巴克,北部,臺北市,內湖區,63000100,25.069864,121.6116445,,node,2077766640
路易莎,路易莎咖啡,北部,新北市,新店區,65000060,24.9572084,121.537861,,node,2089570241
星巴克,星巴克,北部,臺北市,大安區,63000030,25.0335768,121.5438371,,node,2137219932
丹堤咖啡,丹堤咖啡,北部,臺北市,中山區,63000040,25.0622543,121.5344846,,node,2144323914
丹堤咖啡,丹堤咖啡,北部,臺北市,中山區,63000040,25.0638231,121.5334677,,node,2147393714
星巴克,星巴克,北部,臺北市,中山區,63000040,25.0522357,121.5372151,"Mo-Th 07:30-23:00, Fr-Sa 07:00-02:30, Su 07:30-23:00",node,2150409176
丹堤咖啡,丹堤咖啡,北部,臺北市,中山區,63000040,25.0582765,121.5329057,,node,2157329681
星巴克,星巴克,北部,臺北市,中山區,63000040,25.057789,121.5329171,Mo-Su 07:00-21:30,node,2157329683
星巴克,星巴克,北部,臺北市,內湖區,63000100,25.0753481,121.5761791,"Mo-Fr 07:00-21:00, Sa-Su 08:00-21:00",node,2171113414
怡客咖啡,怡客咖啡廳,北部,臺北市,中山區,63000040,25.0601382,121.5333903,,node,2188405251
星巴克,星巴克,北部,新北市,新店區,65000060,24.9677035,121.5412514,,node,2209949971
Cama,cama,北部,臺北市,中山區,63000040,25.0517229,121.5393682,,node,2244030053
星巴克,星巴克,北部,臺北市,文山區,63000080,24.9878062,121.5756956,,node,2316045625
星巴克,星巴克,北部,臺北市,大安區,63000030,25.0267975,121.5229484,Mo-Sa 06:30-22:30; Su 07:00-22:30,node,2318382198
星巴克,星巴克,北部,臺北市,北投區,63000120,25.1362244,121.5043235,Mo-Su 07:00-22:30,node,2320119248
星巴克,星巴克,北部,臺北市,中正區,63000050,25.045572,121.5163987,Mo-Su 07:30-22:00,node,2326365546
星巴克,星巴克,北部,臺北市,大安區,63000030,25.0424137,121.5567345,,node,2376980936
丹堤咖啡,丹堤咖啡,北部,新北市,新店區,65000060,24.9762674,121.5352393,,node,2378064453
星巴克,星巴克,北部,臺北市,萬華區,63000070,25.0441022,121.5074794,,node,2406854839
星巴克,星巴克,北部,臺北市,大安區,63000030,25.0254814,121.5491387,,node,2415942438
丹堤咖啡,丹堤咖啡,北部,臺北市,中山區,63000040,25.0473022,121.5422783,,node,2456412703
星巴克,星巴克,北部,臺北市,文山區,63000080,24.9925758,121.544338,,node,2462837884
路易莎,路易莎,北部,臺北市,中山區,63000040,25.0471863,121.5419465,,node,2527532993
星巴克,星巴克,北部,臺北市,松山區,63000010,25.0513922,121.5537929,,node,2633698769
Cama,cama cafe,北部,臺北市,中山區,63000040,25.0482857,121.5345958,,node,2642013889
星巴克,星巴克,北部,臺北市,士林區,63000110,25.119599,121.5297737,,node,2651775309
路易莎,路易莎,北部,臺北市,大安區,63000030,25.0296979,121.5294509,,node,2676809065
星巴克,星巴克,北部,新北市,新店區,65000060,24.9777108,121.5455469,,node,2690923542
星巴克,星巴克,北部,臺北市,萬華區,63000070,25.0294874,121.5024943,,node,2713545226
星巴克,星巴克,北部,新北市,汐止區,65000110,25.0608366,121.6481582,07:00-20:30,node,2756550041
Cama,Cama Cafe,北部,臺北市,中山區,63000040,25.0522379,121.5334584,"Mo-Fr 07:30-19:00,PH,Sa-Su  08:00-19:00",node,2886397157
星巴克,星巴克,北部,臺北市,萬華區,63000070,25.0431614,121.5047486,,node,2918743089
星巴克,星巴克,北部,臺北市,萬華區,63000070,25.045208,121.5055625,,node,2926240045
星巴克,星巴克,北部,臺北市,大安區,63000030,25.0332718,121.5297467,,node,2952479190
星巴克,星巴克,北部,臺北市,大安區,63000030,25.0255745,121.5436781,"PH,Mo-Su 07:00-21:30",node,2962738779
星巴克,星巴克,北部,臺北市,信義區,63000020,25.0470719,121.5666613,,node,2965491625
Cama,cama cafe,北部,臺北市,大安區,63000030,25.0328078,121.5491909,,node,3002381564
星巴克,星巴克,北部,臺北市,中正區,63000050,25.0460314,121.5180644,,node,3006036109
路易莎,路易莎咖啡,北部,臺北市,文山區,63000080,24.9930323,121.5419064,Mo-Fr 07:00-15:00,node,3033188230
星巴克,星巴克,北部,臺北市,內湖區,63000100,25.0805052,121.5651469,Mo-Fr 07:00-20:00; Sa-Su 07:30-19:00,node,3037218938
星巴克,星巴克,北部,臺北市,文山區,63000080,24.9886688,121.5669367,,node,3104851759
星巴克,星巴克,北部,新北市,永和區,65000040,24.9964631,121.5208655,,node,3116012537
路易莎,路易莎咖啡,北部,臺北市,士林區,63000110,25.0946382,121.5237476,,node,3133627742
丹堤咖啡,丹堤咖啡,北部,臺北市,士林區,63000110,25.0948808,121.5233115,,node,3136818011
Cama,Cama,北部,臺北市,中山區,63000040,25.053693,121.5339282,,node,3144956272
星巴克,星巴克,北部,新北市,中和區,65000030,24.9897509,121.5100992,,node,3162391180
Cama,cama 現烘咖啡專門店,北部,臺北市,松山區,63000010,25.0479588,121.556178,,node,3196909458
星巴克,星巴克,北部,臺北市,松山區,63000010,25.047979,121.5504392,Mo-Su 07:00-21:30,node,3196909471
路易莎,路易莎咖啡,北部,臺北市,內湖區,63000100,25.0732277,121.6065416,,node,3232608897
星巴克,星巴克,北部,新北市,新店區,65000060,24.9587034,121.5376779,Mo-Su 06:30-22:00,node,3255439259
星巴克,星巴克,北部,臺北市,大安區,63000030,25.0254647,121.5372871,,node,3257173965
星巴克,星巴克,北部,臺北市,信義區,63000020,25.0380187,121.5690055,,node,3298035188
星巴克,星巴克,北部,臺北市,大安區,63000030,25.0413101,121.5482331,Mo-Sa 07:00-22:00,node,3304641852
星巴克,星巴克,北部,新北市,永和區,65000040,25.0073175,121.5069854,,node,3326707139
怡客咖啡,Ikari Coffee,北部,臺北市,中正區,63000050,25.0461275,121.5185728,,node,3505143794
星巴克,星巴克,北部,臺北市,內湖區,63000100,25.0784318,121.5695328,,node,3507106800
星巴克,星巴克,北部,臺北市,中正區,63000050,25.0449739,121.5309674,,node,3525956679
路易莎,路易莎咖啡,北部,臺北市,中山區,63000040,25.0517556,121.5357438,,node,3550647797
路易莎,路易莎咖啡,北部,新北市,中和區,65000030,25.0012853,121.5003932,,node,3557795447
星巴克,星巴克,北部,臺北市,中正區,63000050,25.0445517,121.525244,Mo-Fr 07:00-22:00; Sa-Su 07:30-22:00,node,3581160294
Cama,cama café,北部,臺北市,中正區,63000050,25.0354701,121.5081683,Mo-Fr 07:30-20:00; Sa-Su 09:00-17:00,node,3597899312
星巴克,星巴克,北部,臺北市,信義區,63000020,25.0339819,121.5748963,,node,3633921418
星巴克,星巴克,北部,臺北市,北投區,63000120,25.1176987,121.5224067,,node,3661070225
丹堤咖啡,丹堤咖啡,北部,臺北市,大安區,63000030,25.0309816,121.5294491,,node,3665505025
星巴克,星巴克,北部,臺北市,大安區,63000030,25.0324676,121.5544166,,node,3674336842
星巴克,星巴克,北部,臺北市,大安區,63000030,25.0235995,121.5281878,,node,3693598197
怡客咖啡,怡客咖啡,北部,臺北市,中山區,63000040,25.0494103,121.5332058,,node,3727895635
路易莎,路易莎咖啡,北部,臺北市,大安區,63000030,25.0286465,121.539497,,node,3743078430
星巴克,星巴克,北部,臺北市,松山區,63000010,25.0516206,121.5636071,,node,3748706225
怡客咖啡,Ikari Coffee,北部,臺北市,士林區,63000110,25.0951989,121.5260975,,node,3752248525
星巴克,星巴克,北部,臺北市,中山區,63000040,25.057932,121.5217467,Mo-Sa 06:30-22:00; Su 08:00-21:30,node,3811440918
路易莎,路易莎咖啡,北部,臺北市,大同區,63000060,25.0572861,121.5190852,,node,3811445879
Cama,cama café現烘咖啡,北部,臺北市,信義區,63000020,25.0384438,121.5678748,,node,3826206858
星巴克,星巴克,北部,新北市,新店區,65000060,24.9739748,121.5380347,,node,3826874910
星巴克,星巴克,北部,臺北市,文山區,63000080,24.9818867,121.561041,,node,3835342099
星巴克,星巴克,北部,臺北市,士林區,63000110,25.0818152,121.5232496,,node,3857683728
丹堤咖啡,丹堤咖啡,北部,臺北市,信義區,63000020,25.0480133,121.5661685,,node,3881926859
星巴克,星巴克,北部,臺北市,中正區,63000050,25.0460831,121.5140907,Mo-Su 07:00-22:00,node,3887310082
Cama,Cama咖啡,北部,臺北市,中正區,63000050,25.0403302,121.5325571,,node,3887820747
怡客咖啡,怡客咖啡,北部,臺北市,萬華區,63000070,25.0260216,121.5057531,,node,3888838522
星巴克,星巴克,北部,臺北市,中正區,63000050,25.0324104,121.5169244,Mo-Fr 06:30-21:00; Sa-Su 07:00-21:00,node,3891208752
路易莎,路易莎咖啡,北部,臺北市,中正區,63000050,25.0345325,121.5073841,Mo-Fr 07:00-18:00,node,3924749031
路易莎,路易莎咖啡,北部,新北市,永和區,65000040,25.0081044,121.513845,,node,3979685204
星巴克,星巴克,北部,臺北市,大同區,63000060,25.0539051,121.5139985,Mo-Su 07:30-22:00,node,3992053164
怡客咖啡,怡客咖啡,北部,臺北市,北投區,63000120,25.1158727,121.515332,,node,4018209442
星巴克,星巴克,北部,臺北市,松山區,63000010,25.0526422,121.5444712,Mo-Fr 07:00-21:00; Sa-Su 07:30-21:00,node,4018210302
怡客咖啡,怡客咖啡,北部,臺北市,松山區,63000010,25.052949,121.5468861,,node,4031296843
怡客咖啡,怡客咖啡,北部,臺北市,松山區,63000010,25.055421,121.5444103,,node,4031296844
星巴克,星巴克,北部,新北市,新店區,65000060,24.9825481,121.5407565,,node,4033147902
路易莎,路易莎,北部,臺北市,松山區,63000010,25.0577582,121.5633606,,node,4050767734
星巴克,星巴克,北部,臺北市,南港區,63000090,25.0528405,121.6074834,,node,4114407189
星巴克,星巴克,北部,臺北市,中正區,63000050,25.0449236,121.5149045,,node,4118443953
星巴克,星巴克,北部,臺北市,大安區,63000030,25.0245506,121.5245881,Mo-Su 07:30-21:00,node,4149587182
路易莎,路易莎咖啡,北部,臺北市,中正區,63000050,25.04399,121.5135596,Mo-Su 07:30-18:00,node,4150685052
星巴克,星巴克,北部,臺北市,中山區,63000040,25.0619801,121.5437743,,node,4236823737
星巴克,星巴克,北部,臺北市,信義區,63000020,25.0490531,121.5782646,,node,4265554689
Cama,Cama,北部,臺北市,信義區,63000020,25.0291618,121.5624043,,node,4298924388
星巴克,星巴克,北部,臺北市,大安區,63000030,25.0382671,121.5555276,,node,4298940677
星巴克,星巴克,北部,新北市,汐止區,65000110,25.0623035,121.6501593,,node,4302072916
Cama,卡馬咖啡,北部,臺北市,大同區,63000060,25.0505958,121.5167192,"Mo-Fr 07:30-20:00, Sa-Su 09:00-19:00",node,4317096442
星巴克,星巴克,北部,臺北市,內湖區,63000100,25.0728983,121.575783,,node,4332194890
星巴克,星巴克,北部,臺北市,中山區,63000040,25.0621411,121.5405717,,node,4340727654
路易莎,路易莎,北部,臺北市,大安區,63000030,25.032898,121.538245,,node,4344472256
星巴克,星巴克,北部,新北市,新店區,65000060,24.9831063,121.5377994,,node,4384259009
星巴克,星巴克,北部,臺北市,內湖區,63000100,25.0729515,121.6062124,,node,4396244189
星巴克,星巴克,北部,臺北市,中山區,63000040,25.048579,121.5326649,,node,4430791893
路易莎,路易莎咖啡,北部,新北市,深坑區,65000180,25.0037743,121.6013468,,node,4515327791
丹堤咖啡,丹堤咖啡,北部,臺北市,中正區,63000050,25.0322396,121.5162881,,node,4520745127
路易莎,路易莎咖啡,北部,新北市,新店區,65000060,24.9833651,121.5376626,Mo-Su 07:00-22:30,node,4524344004
星巴克,星巴克,北部,新北市,汐止區,65000110,25.0680893,121.6608121,,node,4524863604
Cama,Cama,北部,臺北市,內湖區,63000100,25.0816015,121.5711709,,node,4642421494
星巴克,星巴克,北部,宜蘭縣,礁溪鄉,10002050,24.8277121,121.7726477,Su-Th 07:30-22:00; Fr-Sa 07:30-23:00,node,4776417348
路易莎,路易莎咖啡,北部,臺北市,士林區,63000110,25.0863985,121.5094007,,node,4782154746
路易莎,路易莎咖啡,北部,新北市,瑞芳區,65000120,25.1081599,121.8056117,Mo-Su 07:00-20:00,node,4785607425
Cama,,北部,臺北市,大安區,63000030,25.0396358,121.5498989,,node,4796521423
路易莎,路易莎咖啡,北部,臺北市,北投區,63000120,25.1329411,121.5000498,,node,4810840722
路易莎,路易莎咖啡,北部,臺北市,中山區,63000040,25.0635405,121.5199411,Mo-Fr 07:00-19:00; Sa-Su 08:00-16:00,node,4832102524
星巴克,星巴克,北部,臺北市,大安區,63000030,25.0172119,121.5448338,Mo-Su 07:00-21:30,node,4834803706
怡客咖啡,怡客咖啡,北部,臺北市,中正區,63000050,25.0419869,121.5099684,,node,4838087644
星巴克,星巴克,北部,臺北市,中山區,63000040,25.0832156,121.5542853,,node,4840875521
路易莎,路易莎咖啡,北部,新北市,新店區,65000060,24.9654277,121.5404418,,node,4940829251
路易莎,路易莎咖啡,北部,臺北市,大同區,63000060,25.0531366,121.5189411,,node,4943766920
星巴克,星巴克,北部,臺北市,大同區,63000060,25.0593356,121.5132683,Mo-Su 07:00-22:30,node,4945133722
路易莎,路易莎咖啡,北部,臺北市,文山區,63000080,24.9886447,121.5667677,,node,5015984540
路易莎,路易莎咖啡,北部,臺北市,文山區,63000080,24.9958711,121.5408535,Mo-Fr 07:00-21:00; Sa-Su 07:30-21:00,node,5083921530
星巴克,星巴克,北部,宜蘭縣,宜蘭市,10002010,24.7542892,121.7514616,,node,5109042273
Cama,Cama,北部,臺北市,大安區,63000030,25.0171709,121.5321497,,node,5109347793
Cama,cama café,北部,臺北市,大安區,63000030,25.0337858,121.5343316,Mo-Fr 07:30-17:00; Sa-Su 08:00-17:00,node,5110245073
怡客咖啡,Ikari Cafe,北部,臺北市,大安區,63000030,25.0339059,121.5541716,,node,5110348764
星巴克,星巴克,北部,臺北市,松山區,63000010,25.0538786,121.5493457,,node,5110348809
怡客咖啡,Ikari Coffee,北部,臺北市,中山區,63000040,25.0604058,121.5238399,,node,5110489746
星巴克,星巴克,北部,臺北市,士林區,63000110,25.1151418,121.5275658,,node,5110501348
路易莎,路易莎咖啡,北部,臺北市,萬華區,63000070,25.0289209,121.5023115,,node,5136762157
路易莎,路易莎咖啡,北部,臺北市,士林區,63000110,25.0945621,121.5471135,Mo-Sa 07:00-20:00,node,5151430122
Cama,Cama,北部,臺北市,中山區,63000040,25.0544435,121.5425528,,node,5156583921
星巴克,星巴克,北部,臺北市,松山區,63000010,25.0573689,121.5476291,,node,5160220671
Cama,cama Coffee,北部,臺北市,松山區,63000010,25.0516989,121.5617032,"Mo-Fr 07:30-19:30, PH,Sa-Su 08:00-18:00",node,5168755424
丹堤咖啡,丹堤咖啡,北部,臺北市,士林區,63000110,25.1122037,121.5303869,,node,5201386121
星巴克,星巴克,北部,臺北市,大安區,63000030,25.0292252,121.5495995,,node,5220512997
星巴克,星巴克,北部,臺北市,士林區,63000110,25.1124433,121.5307065,,node,5242546023
路易莎,路易莎咖啡,北部,臺北市,士林區,63000110,25.1022259,121.5242662,,node,5280941221
路易莎,路易莎咖啡,北部,臺北市,文山區,63000080,24.99896,121.5581837,,node,5286867838
路易莎,路易莎咖啡,北部,臺北市,松山區,63000010,25.0584415,121.5558537,,node,5391353365
星巴克,星巴克,北部,宜蘭縣,羅東鎮,10002020,24.6786866,121.7685311,Mo-Su 07:00-21:30,node,5403620045
星巴克,星巴克,北部,基隆市,安樂區,10017060,25.12151,121.7212227,Mo-Su 07:00-21:30,node,5425937951
路易莎,路易莎咖啡,北部,臺北市,大安區,63000030,25.0331541,121.5445887,,node,5483729839
丹堤咖啡,丹堤咖啡,北部,臺北市,大安區,63000030,25.0335806,121.5425527,,node,5551835426
Cama,cama現烘咖啡專門店,北部,臺北市,大安區,63000030,25.0332014,121.542132,,node,5551844221
丹堤咖啡,丹堤咖啡,北部,臺北市,信義區,63000020,25.0416708,121.5796246,,node,5585775156
星巴克,星巴克,北部,臺北市,中山區,63000040,25.053938,121.5259814,,node,5599657102
星巴克,星巴克,北部,新北市,永和區,65000040,25.0133528,121.5152629,,node,5739420401
星巴克,星巴克,北部,臺北市,中山區,63000040,25.0802164,121.5604454,,node,5775185923
怡客咖啡,怡客咖啡,北部,臺北市,大安區,63000030,25.020718,121.5461776,,node,5849573415
路易莎,,北部,臺北市,士林區,63000110,25.1169167,121.5318644,,node,5891986485
路易莎,路易莎咖啡,北部,臺北市,信義區,63000020,25.035329,121.568109,,node,5923254086
星巴克,星巴克,北部,臺北市,信義區,63000020,25.0334267,121.5650556,,node,5923256285
怡客咖啡,怡客咖啡,北部,臺北市,內湖區,63000100,25.0793904,121.5678133,Mo-Sa 07:00-21:00; Su 07:00-18:00,node,5948124626
星巴克,星巴克,北部,臺北市,中正區,63000050,25.0355967,121.5245316,,node,5951203876
路易莎,路易莎咖啡,北部,臺北市,松山區,63000010,25.0482661,121.5466496,,node,5982354385
星巴克,星巴克,北部,臺北市,松山區,63000010,25.0521318,121.5483459,,node,6026910808
路易莎,路易莎咖啡,北部,新北市,永和區,65000040,25.0115003,121.5153054,,node,6126379843
路易莎,路易莎咖啡,北部,新北市,永和區,65000040,25.0040788,121.5145696,,node,6127437883
路易莎,路易莎咖啡,北部,新北市,永和區,65000040,25.0040841,121.517207,,node,6130126781
路易莎,路易莎咖啡,北部,臺北市,中正區,63000050,25.0461089,121.5166099,Mo-Su 11:00-22:00,node,6134452977
路易莎,路易莎咖啡,北部,新北市,汐止區,65000110,25.0640555,121.6526813,,node,6164026292
路易莎,路易莎,北部,臺北市,大同區,63000060,25.0707162,121.5190123,,node,6326925486
路易莎,路易莎咖啡,北部,臺北市,內湖區,63000100,25.0843889,121.5944472,,node,6353691307
路易莎,路易莎,北部,臺北市,中山區,63000040,25.045333,121.5436417,,node,6354698705
路易莎,路易莎,北部,臺北市,大安區,63000030,25.0427523,121.5442083,,node,6354698763
Cama,cama,北部,臺北市,大安區,63000030,25.0427553,121.5441486,,node,6354698765
路易莎,路易莎咖啡,北部,臺北市,中山區,63000040,25.0604067,121.5239135,,node,6380761386
星巴克,星巴克,北部,臺北市,內湖區,63000100,25.0783677,121.5841521,,node,6385692665
Cama,Cama,北部,臺北市,松山區,63000010,25.0479204,121.5458542,,node,6413241121
Cama,Cama Café,北部,新北市,永和區,65000040,25.0118659,121.5172603,,node,6422613968
星巴克,星巴克,北部,臺北市,松山區,63000010,25.0459089,121.5444383,,node,6429684170
星巴克,星巴克,北部,臺北市,中山區,63000040,25.0516569,121.5437698,,node,6553170176
路易莎,路易莎咖啡,北部,臺北市,松山區,63000010,25.0496174,121.5792127,Mo-Su 07:00-22:00,node,6577001213
路易莎,路易莎咖啡,北部,臺北市,中山區,63000040,25.0483182,121.5338798,,node,6682102617
路易莎,路易莎咖啡,北部,臺北市,內湖區,63000100,25.0866906,121.5616402,,node,6843949706
路易莎,路易莎咖啡,北部,臺北市,大安區,63000030,25.0270586,121.5253851,,node,6936432803
路易莎,路易莎咖啡,北部,臺北市,內湖區,63000100,25.0795779,121.5726637,,node,6942478488
星巴克,星巴克,北部,臺北市,信義區,63000020,25.0347262,121.5621268,,node,6978419885
Cama,豆留森林,北部,臺北市,士林區,63000110,25.1382742,121.5467807,,node,6989671716
星巴克,星巴克,北部,臺北市,萬華區,63000070,25.037781,121.5058302,Mo-Su 07:30-22:00,node,7047358868
路易莎,路易莎咖啡,北部,新北市,金山區,65000270,25.2213545,121.6381026,Mo-Fr 07:00-18:00; Sa-Su 07:00-19:00,node,7057494585
怡客咖啡,怡客咖啡,北部,臺北市,中正區,63000050,25.0431833,121.5264405,"Mo-Fr 07:00-21:30; Sa-Su, PH 07:00-18:00",node,7207321831
星巴克,星巴克,北部,臺北市,大安區,63000030,25.0417213,121.5515053,,node,7211952420
星巴克,星巴克,北部,臺北市,士林區,63000110,25.1375263,121.5437099,,node,7226694685
星巴克,星巴克,北部,臺北市,中正區,63000050,25.0474432,121.5173481,,node,7235632164
路易莎,路易莎咖啡,北部,新北市,中和區,65000030,24.9932634,121.5173769,"Mo-Fr 07:30-20:00; Sa,Su 08:00-20:00",node,7254602085
路易莎,路易莎咖啡,北部,臺北市,大安區,63000030,25.0145667,121.5379231,Mo-Sa 08:00-20:00,node,7330746360
路易莎,路易莎咖啡,北部,臺北市,內湖區,63000100,25.0781902,121.5762523,,node,7506735186
星巴克,星巴克,北部,臺北市,士林區,63000110,25.1191209,121.5295481,,node,7614240685
路易莎,路易莎,北部,新北市,新店區,65000060,24.9802995,121.5417988,,node,7689995464
路易莎,路易莎咖啡,北部,臺北市,中正區,63000050,25.0358819,121.5246154,,node,7734563456
星巴克,星巴克,北部,臺北市,中山區,63000040,25.062621,121.5201423,,node,7786748173
路易莎,路易莎咖啡,北部,臺北市,南港區,63000090,25.0526693,121.6058765,,node,7849377517
星巴克,星巴克,北部,臺北市,南港區,63000090,25.0527318,121.6067626,Mo-Su 09:00-21:00,node,7849449243
路易莎,路易莎咖啡,北部,臺北市,大安區,63000030,25.0337815,121.5280298,,node,7984625783
Cama,cama café,北部,新北市,中和區,65000030,24.9906533,121.503864,,node,7987894313
路易莎,路易莎咖啡,北部,臺北市,中山區,63000040,25.06099,121.5435859,,node,7987894315
路易莎,路易莎咖啡,北部,新北市,新店區,65000060,24.9831867,121.5338667,,node,8024462005
路易莎,路易莎咖啡,北部,臺北市,士林區,63000110,25.0917944,121.5213908,Mo-Su 07:30-21:30,node,8117974017
星巴克,星巴克,北部,臺北市,中正區,63000050,25.0436268,121.5238856,,node,8189249399
星巴克,星巴克,北部,基隆市,仁愛區,10017040,25.1313674,121.7382283,,node,8398028114
路易莎,路易莎咖啡,北部,臺北市,南港區,63000090,25.0549482,121.6059297,Mo-Fr 07:30-17:30; Sa 08:00-17:00; Su 09:00-15:00,node,8441425922
路易莎,路易莎咖啡,北部,臺北市,北投區,63000120,25.1190409,121.5221351,,node,8922062696
星巴克,星巴克,北部,臺北市,大同區,63000060,25.0720916,121.5189541,,node,8935314343
路易莎,路易莎咖啡,北部,臺北市,中山區,63000040,25.0550681,121.5237893,,node,8945848016
路易莎,路易莎咖啡,北部,臺北市,信義區,63000020,25.0413042,121.5659332,"Mo-Fr 07:00-21:00; Sa,Su 07:00-21:00",node,9364864622
路易莎,路易莎咖啡,北部,臺北市,中山區,63000040,25.0557035,121.5210253,Mo-Su 07:00-21:00,node,9375696093
星巴克,星巴克,北部,臺北市,松山區,63000010,25.0585708,121.5624841,,node,9483165417
路易莎,路易莎咖啡,北部,臺北市,大安區,63000030,25.0426921,121.5398383,,node,9488711542
Cama,cama café,北部,臺北市,中正區,63000050,25.0436899,121.5268808,Mo-Su 07:30-17:00,node,9504555263
星巴克,星巴克,北部,臺北市,士林區,63000110,25.0962445,121.516251,,node,9520198452
路易莎,路易莎,北部,宜蘭縣,礁溪鄉,10002050,24.8259142,121.7715246,,node,9526446307
星巴克,星巴克,北部,臺北市,大安區,63000030,25.0268206,121.5291964,"Mo-Fr 07:30-19:00; Sa,Su 07:30-18:00",node,9550892943
路易莎,路易莎咖啡,北部,臺北市,信義區,63000020,25.0285332,121.5643497,Mo-Su 07:00-17:00,node,9631979143
路易莎,路易莎咖啡,北部,臺北市,中正區,63000050,25.0414191,121.5176209,,node,9652119424
丹堤咖啡,丹堤咖啡,北部,臺北市,中正區,63000050,25.0334545,121.5072347,,node,9725205260
星巴克,星巴克,北部,新北市,中和區,65000030,24.995123,121.5053311,,node,9741363500
星巴克,星巴克,北部,臺北市,內湖區,63000100,25.0841032,121.5943083,,node,9742922397
路易莎,路易莎咖啡,北部,新北市,新店區,65000060,24.9682824,121.5414812,,node,9773292986
路易莎,路易莎咖啡,北部,新北市,新店區,65000060,24.9733265,121.5396197,,node,9776303094
Cama,cama,北部,臺北市,中正區,63000050,25.0459017,121.5108269,,node,9850794431
路易莎,Louisa Coffee 路易．莎咖啡,北部,新北市,汐止區,65000110,25.0657142,121.6558835,Mo-Su 07:30-21:00,node,9854838087
路易莎,路易莎咖啡,北部,基隆市,安樂區,10017060,25.1221741,121.7211414,Mo-Su 07:00-16:00,node,9886327125
路易莎,路易莎咖啡,北部,臺北市,大安區,63000030,25.0332741,121.5383088,,node,9894794483
路易莎,路易莎咖啡,北部,臺北市,士林區,63000110,25.0955097,121.5259791,,node,9960842245
路易莎,路易莎咖啡,北部,臺北市,萬華區,63000070,25.0374607,121.5053813,,node,9971709148
Cama,Cama Cafe 四號公園店,北部,新北市,中和區,65000030,25.0031276,121.5132983,Mo-Fr 07:30-18:00; Sa-Su 08:00-19:00,node,10001028018
星巴克,星巴克,北部,宜蘭縣,頭城鎮,10002040,24.8617413,121.828346,Mo-Su 07:30-21:00,node,10172637165
路易莎,路易莎咖啡,北部,臺北市,中正區,63000050,25.0427388,121.5127842,,node,10177513418
路易莎,路易莎咖啡,北部,臺北市,大安區,63000030,25.0280523,121.5479105,,node,10226938268
路易莎,路易莎咖啡,北部,臺北市,松山區,63000010,25.0527872,121.5456935,,node,10316007587
路易莎,路易莎咖啡,北部,基隆市,七堵區,10017020,25.0832257,121.6992252,,node,10635394139
怡客咖啡,怡客咖啡,北部,臺北市,信義區,63000020,25.0405433,121.5624882,,node,10680156309
路易莎,路易莎咖啡,北部,臺北市,信義區,63000020,25.0405524,121.5622012,,node,10680156328
路易莎,路易莎咖啡,北部,臺北市,南港區,63000090,25.0504432,121.5802974,,node,10721743372
路易莎,路易莎咖啡,北部,臺北市,大同區,63000060,25.0497566,121.5177458,,node,10976424993
Cama,cama café,北部,宜蘭縣,羅東鎮,10002020,24.6785284,121.769709,,node,11158796572
星巴克,星巴克,北部,宜蘭縣,宜蘭市,10002010,24.7579592,121.7566869,,node,11174848929
路易莎,路易莎咖啡,北部,臺北市,中正區,63000050,25.0321753,121.5159333,Mo-Su 07:00-21:00,node,11243785217
路易莎,路易莎咖啡,北部,臺北市,南港區,63000090,25.0529819,121.6161235,Mo-Su 07:00-21:00,node,11254397591
路易莎,路易莎咖啡,北部,臺北市,大安區,63000030,25.025665,121.5237476,Mo-Su 07:30-20:00,node,11271702532
路易莎,路易莎咖啡,北部,臺北市,士林區,63000110,25.1231656,121.5319591,,node,11307888019
路易莎,路易莎咖啡,北部,臺北市,中正區,63000050,25.042382,121.5293236,,node,11311415372
路易莎,路易莎咖啡,北部,臺北市,內湖區,63000100,25.0602842,121.5746793,,node,11407270269
路易莎,路易莎咖啡,北部,臺北市,信義區,63000020,25.0420239,121.5647357,Mo-Fr 07:00-16:00; Sa 08:00-16:00; Su off,node,11413955777
星巴克,星巴克,北部,臺北市,信義區,63000020,25.0480292,121.5661323,Mo-Fr 07:00-18:00,node,11415760491
路易莎,Louisa Coffee,北部,臺北市,內湖區,63000100,25.0687116,121.5851864,"Mo-Fr 07:30-18:00; Sa,Su 08:30-18:00",node,11693466773
星巴克,星巴克,北部,臺北市,中山區,63000040,25.0647999,121.5255438,,node,11761371168
怡客咖啡,,北部,臺北市,文山區,63000080,24.9960085,121.5830903,,node,11833118557
路易莎,路易莎咖啡,北部,新北市,中和區,65000030,24.9941773,121.5052868,,node,11967479092
Cama,cama café,北部,臺北市,大安區,63000030,25.0256272,121.5285469,"Mo-Fr 07:30-16:00; Sa,Su 08:00-16:00",node,12070739256
路易莎,路易莎咖啡,北部,臺北市,大安區,63000030,25.0147208,121.5431415,,node,12174967078
Cama,Cama,北部,臺北市,南港區,63000090,25.0449285,121.5838854,,node,12177694738
怡客咖啡,怡客咖啡,北部,臺北市,中正區,63000050,25.0421734,121.5124473,,node,12185852074
星巴克,星巴克,北部,新北市,新店區,65000060,24.9670251,121.54151,,node,12198749831
路易莎,路易莎 市民門市,北部,臺北市,大安區,63000030,25.0433201,121.5571885,,node,12374943357
路易莎,路易莎咖啡,北部,臺北市,松山區,63000010,25.0513659,121.5567335,,node,12517900427
路易莎,路易莎咖啡,北部,臺北市,南港區,63000090,25.0407669,121.6129932,"Mo-Fr 07:00-19:00, Sa-Su 08:00-19:00",node,12531330992
Cama,Cama,北部,臺北市,信義區,63000020,25.03118,121.5599966,,node,12622924542
星巴克,星巴克,北部,新北市,萬里區,65000280,25.1887851,121.6835519,Mo-Su 08:00-19:30,node,12635987514
路易莎,路易莎咖啡,北部,新北市,中和區,65000030,24.9897406,121.5089259,,node,12769540190
路易莎,路易莎咖啡,北部,新北市,新店區,65000060,24.9730857,121.5299965,,node,12769767102
路易莎,Louisa,北部,新北市,中和區,65000030,24.9901863,121.5006122,,node,12785993563
路易莎,路易莎咖啡,北部,臺北市,中山區,63000040,25.0518501,121.5283218,,node,12822571710
星巴克,星巴克,北部,臺北市,大安區,63000030,25.0372671,121.5545063,,node,12863602371
路易莎,路易莎咖啡,北部,臺北市,大安區,63000030,25.0419479,121.5546361,,node,12925078410
路易莎,路易莎咖啡,北部,臺北市,大安區,63000030,25.0250087,121.5437877,,node,12976937917
路易莎,路易莎咖啡,北部,臺北市,信義區,63000020,25.0258325,121.5620193,,node,13356996170
星巴克,星巴克,北部,臺北市,內湖區,63000100,25.0635092,121.5896973,,node,13426388886
路易莎,路易莎咖啡,北部,臺北市,大安區,63000030,25.0395278,121.55184,,node,13505525701
Cama,Cama 咖啡,北部,臺北市,大安區,63000030,25.0393868,121.5518498,,node,13505525801
路易莎,路易莎咖啡(寶慶店),北部,臺北市,中正區,63000050,25.0421049,121.5098843,,node,13523027702
星巴克,星巴克,北部,臺北市,大安區,63000030,25.0411929,121.5539414,,node,13563403901
星巴克,星巴克,北部,臺北市,大安區,63000030,25.0310185,121.5492204,,node,13580286101
路易莎,路易莎咖啡,北部,臺北市,大安區,63000030,25.0240428,121.5519347,,node,13580292502
路易莎,路易莎咖啡,北部,臺北市,大安區,63000030,25.0248692,121.5490826,,node,13580304501
星巴克,星巴克,北部,臺北市,南港區,63000090,25.0539859,121.6055538,,node,13911717992
星巴克,星巴克,北部,臺北市,南港區,63000090,25.0532327,121.5923439,,node,13911937747
星巴克,星巴克,北部,臺北市,大同區,63000060,25.052641,121.5195487,,node,13926600548
路易莎,路易莎咖啡,北部,臺北市,中正區,63000050,25.0390625,121.5222605,,node,14062941126
Cama,Cama Cafe,北部,臺北市,中山區,63000040,25.0496807,121.5228021,,node,14127616969
星巴克,星巴克,北部,宜蘭縣,宜蘭市,10002010,24.75238,121.7564692,,node,14177534114
星巴克,星巴克,北部,基隆市,中正區,10017010,25.1311605,121.7447073,Su-Th 07:00-22:30; Fr-Sa 07:00-23:30,way,533176632
星巴克,星巴克,北部,臺北市,士林區,63000110,25.1362389,121.5429295,Mo-Su 08:00-20:00,way,587071180
星巴克,星巴克,北部,新北市,貢寮區,65000260,25.0191451,121.9449035,,way,700983653
路易莎,路易莎,北部,臺北市,北投區,63000120,25.1379121,121.5030084,,way,730667588
星巴克,星巴克,北部,宜蘭縣,羅東鎮,10002020,24.685238,121.771304,Mo-Su 08:00-20:00,way,1136405242
