品牌,區域,縣市,鄉鎮市區,門市數
Cama,中部,臺中市,北屯區,1
Cama,中部,臺中市,南區,1
Cama,中部,臺中市,大甲區,1
Cama,中部,臺中市,西區,4
Cama,中部,臺中市,西屯區,2
Cama,北部,宜蘭縣,羅東鎮,1
Cama,北部,新北市,中和區,2
Cama,北部,新北市,新莊區,2
Cama,北部,新北市,板橋區,3
Cama,北部,新北市,永和區,1
Cama,北部,新北市,蘆洲區,1
Cama,北部,新竹市,東區,1
Cama,北部,新竹縣,竹北市,2
Cama,北部,桃園市,中壢區,2
Cama,北部,桃園市,桃園區,2
Cama,北部,臺北市,中山區,6
Cama,北部,臺北市,中正區,4
Cama,北部,臺北市,信義區,3
Cama,北部,臺北市,內湖區,1
Cama,北部,臺北市,南港區,1
Cama,北部,臺北市,士林區,1
Cama,北部,臺北市,大同區,1
Cama,北部,臺北市,大安區,8
Cama,北部,臺北市,松山區,3
Cama,南部,嘉義市,西區,1
Cama,南部,屏東縣,屏東市,2
Cama,南部,臺南市,中西區,1
Cama,南部,臺南市,北區,1
Cama,南部,高雄市,苓雅區,2
Cama,南部,高雄市,鳳山區,1
丹堤咖啡,中部,臺中市,西屯區,1
丹堤咖啡,北部,新北市,新店區,1
丹堤咖啡,北部,新北市,板橋區,2
丹堤咖啡,北部,新北市,林口區,1
丹堤咖啡,北部,新北市,樹林區,1
丹堤咖啡,北部,新北市,淡水區,1
丹堤咖啡,北部,新竹縣,竹北市,1
丹堤咖啡,北部,臺北市,中山區,4
丹堤咖啡,北部,臺北市,中正區,2
丹堤咖啡,北部,臺北市,信義區,2
丹堤咖啡,北部,臺北市,士林區,2
丹堤咖啡,北部,臺北市,大安區,2
丹堤咖啡,南部,高雄市,鼓山區,1
怡客咖啡,北部,新北市,板橋區,1
怡客咖啡,北部,新竹市,東區,1
怡客咖啡,北部,臺北市,中山區,3
怡客咖啡,北部,臺北市,中正區,5
怡客咖啡,北部,臺北市,信義區,1
怡客咖啡,北部,臺北市,內湖區,1
怡客咖啡,北部,臺北市,北投區,1
怡客咖啡,北部,臺北市,士林區,1
怡客咖啡,北部,臺北市,大安區,2
怡客咖啡,北部,臺北市,文山區,1
怡客咖啡,北部,臺北市,松山區,2
怡客咖啡,北部,臺北市,萬華區,1
星巴克,中部,南投縣,南投市,2
星巴克,中部,南投縣,草屯鎮,1
星巴克,中部,彰化縣,北斗鎮,1
星巴克,中部,彰化縣,和美鎮,1
星巴克,中部,彰化縣,員林市,1
星巴克,中部,彰化縣,埔心鄉,1
星巴克,中部,彰化縣,彰化市,3
星巴克,中部,彰化縣,溪湖鎮,1
星巴克,中部,彰化縣,社頭鄉,1
星巴克,中部,彰化縣,花壇鄉,1
星巴克,中部,彰化縣,鹿港鎮,1
星巴克,中部,臺中市,中區,2
星巴克,中部,臺中市,北區,5
星巴克,中部,臺中市,北屯區,6
星巴克,中部,臺中市,南區,2
星巴克,中部,臺中市,南屯區,5
星巴克,中部,臺中市,后里區,3
星巴克,中部,臺中市,大甲區,1
星巴克,中部,臺中市,大肚區,1
星巴克,中部,臺中市,大里區,1
星巴克,中部,臺中市,大雅區,1
星巴克,中部,臺中市,太平區,1
星巴克,中部,臺中市,東區,2
星巴克,中部,臺中市,梧棲區,1
星巴克,中部,臺中市,沙鹿區,2
星巴克,中部,臺中市,清水區,1
星巴克,中部,臺中市,潭子區,2
星巴克,中部,臺中市,烏日區,2
星巴克,中部,臺中市,西區,4
星巴克,中部,臺中市,西屯區,11
星巴克,中部,臺中市,豐原區,2
星巴克,中部,臺中市,龍井區,1
星巴克,中部,苗栗縣,後龍鎮,1
星巴克,中部,苗栗縣,苑裡鎮,1
星巴克,中部,苗栗縣,苗栗市,1
星巴克,中部,苗栗縣,西湖鄉,1
星巴克,中部,苗栗縣,頭份市,1
星巴克,中部,雲林縣,北港鎮,1
星巴克,中部,雲林縣,斗六市,3
星巴克,中部,雲林縣,斗南鎮,1
星巴克,中部,雲林縣,虎尾鎮,3
星巴克,中部,雲林縣,西螺鎮,1
星巴克,中部,雲林縣,麥寮鄉,1
星巴克,北部,基隆市,中正區,1
星巴克,北部,基隆市,仁愛區,1
星巴克,北部,基隆市,安樂區,1
星巴克,北部,宜蘭縣,宜蘭市,3
星巴克,北部,宜蘭縣,礁溪鄉,1
星巴克,北部,宜蘭縣,羅東鎮,2
星巴克,北部,宜蘭縣,頭城鎮,1
星巴克,北部,新北市,三峽區,2
星巴克,北部,新北市,三重區,6
星巴克,北部,新北市,中和區,7
星巴克,北部,新北市,土城區,3
星巴克,北部,新北市,新店區,7
星巴克,北部,新北市,新莊區,7
星巴克,北部,新北市,板橋區,10
星巴克,北部,新北市,林口區,6
星巴克,北部,新北市,樹林區,3
星巴克,北部,新北市,永和區,3
星巴克,北部,新北市,汐止區,3
星巴克,北部,新北市,泰山區,1
星巴克,北部,新北市,淡水區,6
星巴克,北部,新北市,萬里區,1
星巴克,北部,新北市,蘆洲區,2
星巴克,北部,新北市,貢寮區,1
星巴克,北部,新北市,鶯歌區,2
星巴克,北部,新竹市,北區,4
星巴克,北部,新竹市,東區,13
星巴克,北部,新竹縣,新豐鄉,1
星巴克,北部,新竹縣,湖口鄉,2
星巴克,北部,新竹縣,竹北市,7
星巴克,北部,新竹縣,竹東鎮,1
星巴克,北部,新竹縣,芎林鄉,1
星巴克,北部,桃園市,中壢區,11
星巴克,北部,桃園市,八德區,3
星巴克,北部,桃園市,大園區,4
星巴克,北部,桃園市,大溪區,1
星巴克,北部,桃園市,平鎮區,1
星巴克,北部,桃園市,桃園區,14
星巴克,北部,桃園市,楊梅區,2
星巴克,北部,桃園市,蘆竹區,3
星巴克,北部,桃園市,龍潭區,1
星巴克,北部,桃園市,龜山區,5
星巴克,北部,臺北市,中山區,14
星巴克,北部,臺北市,中正區,13
星巴克,北部,臺北市,信義區,8
星巴克,北部,臺北市,內湖區,13
星巴克,北部,臺北市,北投區,4
星巴克,北部,臺北市,南港區,6
星巴克,北部,臺北市,士林區,8
星巴克,北部,臺北市,大同區,4
星巴克,北部,臺北市,大安區,21
星巴克,北部,臺北市,文山區,4
星巴克,北部,臺北市,松山區,9
星巴克,北部,臺北市,萬華區,6
星巴克,南部,嘉義市,東區,6
星巴克,南部,嘉義市,西區,5
星巴克,南部,嘉義縣,中埔鄉,1
星巴克,南部,嘉義縣,太保市,1
星巴克,南部,嘉義縣,新港鄉,1
星巴克,南部,嘉義縣,朴子市,1
星巴克,南部,嘉義縣,民雄鄉,1
星巴克,南部,屏東縣,內埔鄉,1
星巴克,南部,屏東縣,屏東市,4
星巴克,南部,屏東縣,恆春鎮,2
星巴克,南部,屏東縣,東港鎮,1
星巴克,南部,屏東縣,潮州鎮,1
星巴克,南部,屏東縣,車城鄉,1
星巴克,南部,澎湖縣,馬公市,1
星巴克,南部,臺南市,中西區,7
星巴克,南部,臺南市,佳里區,1
星巴克,南部,臺南市,北區,2
星巴克,南部,臺南市,南區,1
星巴克,南部,臺南市,善化區,2
星巴克,南部,臺南市,安南區,4
星巴克,南部,臺南市,安定區,1
星巴克,南部,臺南市,安平區,1
星巴克,南部,臺南市,新化區,1
星巴克,南部,臺南市,新市區,2
星巴克,南部,臺南市,新營區,1
星巴克,南部,臺南市,東區,3
星巴克,南部,臺南市,歸仁區,2
星巴克,南部,臺南市,永康區,5
星巴克,南部,臺南市,麻豆區,1
星巴克,南部,高雄市,三民區,3
星巴克,南部,高雄市,仁武區,1
星巴克,南部,高雄市,前金區,2
星巴克,南部,高雄市,前鎮區,1
星巴克,南部,高雄市,大寮區,1
星巴克,南部,高雄市,小港區,3
星巴克,南部,高雄市,岡山區,2
星巴克,南部,高雄市,左營區,6
星巴克,南部,高雄市,新興區,2
星巴克,南部,高雄市,旗山區,1
星巴克,南部,高雄市,林園區,1
星巴克,南部,高雄市,楠梓區,4
星巴克,南部,高雄市,苓雅區,7
星巴克,南部,高雄市,路竹區,1
星巴克,南部,高雄市,鳥松區,1
星巴克,南部,高雄市,鳳山區,1
星巴克,南部,高雄市,鼓山區,3
星巴克,東部,臺東縣,大武鄉,1
路易莎,中部,彰化縣,員林市,1
路易莎,中部,彰化縣,溪湖鎮,2
路易莎,中部,彰化縣,鹿港鎮,1
路易莎,中部,臺中市,北區,7
路易莎,中部,臺中市,北屯區,5
路易莎,中部,臺中市,南區,1
路易莎,中部,臺中市,南屯區,6
路易莎,中部,臺中市,大甲區,1
路易莎,中部,臺中市,大里區,1
路易莎,中部,臺中市,大雅區,1
路易莎,中部,臺中市,沙鹿區,1
路易莎,中部,臺中市,潭子區,1
路易莎,中部,臺中市,烏日區,1
路易莎,中部,臺中市,西區,7
路易莎,中部,臺中市,西屯區,6
路易莎,中部,臺中市,豐原區,1
路易莎,中部,苗栗縣,頭份市,1
路易莎,中部,雲林縣,北港鎮,1
路易莎,中部,雲林縣,斗六市,1
路易莎,中部,雲林縣,虎尾鎮,2
路易莎,中部,雲林縣,麥寮鄉,1
路易莎,北部,基隆市,七堵區,1
路易莎,北部,基隆市,安樂區,1
路易莎,北部,宜蘭縣,礁溪鄉,1
路易莎,北部,新北市,三峽區,1
路易莎,北部,新北市,三重區,6
路易莎,北部,新北市,中和區,7
路易莎,北部,新北市,土城區,5
路易莎,北部,新北市,新店區,8
路易莎,北部,新北市,新莊區,8
路易莎,北部,新北市,板橋區,12
路易莎,北部,新北市,林口區,6
路易莎,北部,新北市,樹林區,2
路易莎,北部,新北市,永和區,4
路易莎,北部,新北市,汐止區,2
路易莎,北部,新北市,泰山區,2
路易莎,北部,新北市,淡水區,4
路易莎,北部,新北市,深坑區,1
路易莎,北部,新北市,瑞芳區,1
路易莎,北部,新北市,金山區,1
路易莎,北部,新竹市,北區,2
路易莎,北部,新竹市,東區,9
路易莎,北部,新竹縣,新豐鄉,1
路易莎,北部,新竹縣,竹北市,7
路易莎,北部,新竹縣,竹東鎮,2
路易莎,北部,桃園市,中壢區,8
路易莎,北部,桃園市,八德區,6
路易莎,北部,桃園市,大溪區,1
路易莎,北部,桃園市,平鎮區,1
路易莎,北部,桃園市,桃園區,11
路易莎,北部,桃園市,楊梅區,3
路易莎,北部,桃園市,蘆竹區,1
路易莎,北部,桃園市,龍潭區,1
路易莎,北部,桃園市,龜山區,5
路易莎,北部,臺北市,中山區,10
路易莎,北部,臺北市,中正區,10
路易莎,北部,臺北市,信義區,6
路易莎,北部,臺北市,內湖區,7
路易莎,北部,臺北市,北投區,3
路易莎,北部,臺北市,南港區,5
路易莎,北部,臺北市,士林區,8
路易莎,北部,臺北市,大同區,4
路易莎,北部,臺北市,大安區,19
路易莎,北部,臺北市,文山區,4
路易莎,北部,臺北市,松山區,6
路易莎,北部,臺北市,萬華區,4
路易莎,南部,嘉義市,西區,3
路易莎,南部,嘉義縣,民雄鄉,2
路易莎,南部,嘉義縣,番路鄉,1
路易莎,南部,澎湖縣,馬公市,1
路易莎,南部,臺南市,中西區,5
路易莎,南部,臺南市,北區,2
路易莎,南部,臺南市,善化區,1
路易莎,南部,臺南市,安南區,1
路易莎,南部,臺南市,新市區,1
路易莎,南部,臺南市,新營區,1
路易莎,南部,臺南市,東區,3
路易莎,南部,臺南市,歸仁區,1
路易莎,南部,臺南市,永康區,2
路易莎,南部,高雄市,三民區,4
路易莎,南部,高雄市,仁武區,1
路易莎,南部,高雄市,前鎮區,1
路易莎,南部,高雄市,小港區,1
路易莎,南部,高雄市,岡山區,1
路易莎,南部,高雄市,左營區,2
路易莎,南部,高雄市,新興區,1
路易莎,南部,高雄市,楠梓區,1
路易莎,南部,高雄市,鳳山區,1
路易莎,南部,高雄市,鼓山區,3
