區域,縣市,鄉鎮市區,區域別,人口數,面積_平方公里,人口密度,門市總數,每萬人門市數,Cama,丹堤咖啡,怡客咖啡,星巴克,路易莎,Cama_每萬人,丹堤咖啡_每萬人,怡客咖啡_每萬人,星巴克_每萬人,路易莎_每萬人
北部,新北市,板橋區,新北市板橋區,549762.0,23.1373,23760.85369,28,0.509,3,2,1,10,12,0.055,0.036,0.018,0.182,0.218
北部,新北市,三重區,新北市三重區,382778.0,16.317,23458.8466,12,0.313,0,0,0,6,6,0.0,0.0,0.0,0.157,0.157
北部,新北市,中和區,新北市中和區,403791.0,20.144,20045.22438,16,0.396,2,0,0,7,7,0.05,0.0,0.0,0.173,0.173
北部,新北市,永和區,新北市永和區,211536.0,5.7138,37021.94687,8,0.378,1,0,0,3,4,0.047,0.0,0.0,0.142,0.189
北部,新北市,新莊區,新北市新莊區,421239.0,19.7383,21341.1996,17,0.404,2,0,0,7,8,0.047,0.0,0.0,0.166,0.19
北部,新北市,新店區,新北市新店區,306884.0,120.2255,2552.569962,16,0.521,0,1,0,7,8,0.0,0.033,0.0,0.228,0.261
北部,新北市,樹林區,新北市樹林區,177412.0,33.1288,5355.219628,6,0.338,0,1,0,3,2,0.0,0.056,0.0,0.169,0.113
北部,新北市,鶯歌區,新北市鶯歌區,89501.0,21.1248,4236.773839,2,0.223,0,0,0,2,0,0.0,0.0,0.0,0.223,0.0
北部,新北市,三峽區,新北市三峽區,115009.0,191.4508,600.7235279,3,0.261,0,0,0,2,1,0.0,0.0,0.0,0.174,0.087
北部,新北市,淡水區,新北市淡水區,208004.0,70.6565,2943.87636,11,0.529,0,1,0,6,4,0.0,0.048,0.0,0.288,0.192
北部,新北市,汐止區,新北市汐止區,212758.0,71.2354,2986.689202,5,0.235,0,0,0,3,2,0.0,0.0,0.0,0.141,0.094
北部,新北市,瑞芳區,新北市瑞芳區,35623.0,70.7336,503.622041,1,0.281,0,0,0,0,1,0.0,0.0,0.0,0.0,0.281
北部,新北市,土城區,新北市土城區,242713.0,29.5578,8211.470407,8,0.33,0,0,0,3,5,0.0,0.0,0.0,0.124,0.206
北部,新北市,蘆洲區,新北市蘆洲區,196371.0,7.4351,26411.34618,3,0.153,1,0,0,2,0,0.051,0.0,0.0,0.102,0.0
北部,新北市,五股區,新北市五股區,94717.0,34.8632,2716.818881,0,0.0,0,0,0,0,0,0.0,0.0,0.0,0.0,0.0
北部,新北市,泰山區,新北市泰山區,78083.0,19.1603,4075.249344,3,0.384,0,0,0,1,2,0.0,0.0,0.0,0.128,0.256
北部,新北市,林口區,新北市林口區,138461.0,54.1519,2556.900127,13,0.939,0,1,0,6,6,0.0,0.072,0.0,0.433,0.433
北部,新北市,深坑區,新北市深坑區,23639.0,20.5787,1148.712018,1,0.423,0,0,0,0,1,0.0,0.0,0.0,0.0,0.423
北部,新北市,石碇區,新北市石碇區,6917.0,144.3498,47.91832064,0,0.0,0,0,0,0,0,0.0,0.0,0.0,0.0,0.0
北部,新北市,坪林區,新北市坪林區,6163.0,170.835,36.0757456,0,0.0,0,0,0,0,0,0.0,0.0,0.0,0.0,0.0
北部,新北市,三芝區,新北市三芝區,22061.0,65.9909,334.3036691,0,0.0,0,0,0,0,0,0.0,0.0,0.0,0.0,0.0
北部,新北市,石門區,新北市石門區,9994.0,51.2645,194.9497215,0,0.0,0,0,0,0,0,0.0,0.0,0.0,0.0,0.0
北部,新北市,八里區,新北市八里區,43495.0,39.4933,1101.326048,0,0.0,0,0,0,0,0,0.0,0.0,0.0,0.0,0.0
北部,新北市,平溪區,新北市平溪區,3900.0,71.3382,54.66916743,0,0.0,0,0,0,0,0,0.0,0.0,0.0,0.0,0.0
北部,新北市,雙溪區,新北市雙溪區,7442.0,146.2484,50.88602679,0,0.0,0,0,0,0,0,0.0,0.0,0.0,0.0,0.0
北部,新北市,貢寮區,新北市貢寮區,10445.0,99.9734,104.4777911,1,0.957,0,0,0,1,0,0.0,0.0,0.0,0.957,0.0
北部,新北市,金山區,新北市金山區,19725.0,49.2132,400.8071005,1,0.507,0,0,0,0,1,0.0,0.0,0.0,0.0,0.507
北部,新北市,萬里區,新北市萬里區,20209.0,63.3766,318.871634,1,0.495,0,0,0,1,0,0.0,0.0,0.0,0.495,0.0
北部,新北市,烏來區,新北市烏來區,6199.0,321.1306,19.30367271,0,0.0,0,0,0,0,0,0.0,0.0,0.0,0.0,0.0
北部,臺北市,松山區,臺北市松山區,187318.0,9.2878,20168.17761,20,1.068,3,0,2,9,6,0.16,0.0,0.107,0.48,0.32
北部,臺北市,信義區,臺北市信義區,201446.0,11.2077,17973.89295,20,0.993,3,2,1,8,6,0.149,0.099,0.05,0.397,0.298
北部,臺北市,大安區,臺北市大安區,282328.0,11.3614,24849.75443,52,1.842,8,2,2,21,19,0.283,0.071,0.071,0.744,0.673
北部,臺北市,中山區,臺北市中山區,212152.0,13.6821,15505.80686,37,1.744,6,4,3,14,10,0.283,0.189,0.141,0.66,0.471
北部,臺北市,中正區,臺北市中正區,144109.0,7.6071,18944.01283,34,2.359,4,2,5,13,10,0.278,0.139,0.347,0.902,0.694
北部,臺北市,大同區,臺北市大同區,116618.0,5.6815,20525.91745,9,0.772,1,0,0,4,4,0.086,0.0,0.0,0.343,0.343
北部,臺北市,萬華區,臺北市萬華區,168675.0,8.8522,19054.5853,11,0.652,0,0,1,6,4,0.0,0.0,0.059,0.356,0.237
北部,臺北市,文山區,臺北市文山區,253822.0,31.509,8055.539687,9,0.355,0,0,1,4,4,0.0,0.0,0.039,0.158,0.158
北部,臺北市,南港區,臺北市南港區,111239.0,21.8424,5092.801157,12,1.079,1,0,0,6,5,0.09,0.0,0.0,0.539,0.449
北部,臺北市,內湖區,臺北市內湖區,267959.0,31.5787,8485.434803,22,0.821,1,0,1,13,7,0.037,0.0,0.037,0.485,0.261
北部,臺北市,士林區,臺北市士林區,258163.0,62.3682,4139.337034,20,0.775,1,2,1,8,8,0.039,0.077,0.039,0.31,0.31
北部,臺北市,北投區,臺北市北投區,235678.0,56.8216,4147.683275,8,0.339,0,0,1,4,3,0.0,0.0,0.042,0.17,0.127
北部,桃園市,桃園區,桃園市桃園區,478487.0,34.8046,13747.8092,27,0.564,2,0,0,14,11,0.042,0.0,0.0,0.293,0.23
北部,桃園市,中壢區,桃園市中壢區,439213.0,76.52,5739.845792,21,0.478,2,0,0,11,8,0.046,0.0,0.0,0.25,0.182
北部,桃園市,大溪區,桃園市大溪區,93799.0,105.1206,892.2989405,2,0.213,0,0,0,1,1,0.0,0.0,0.0,0.107,0.107
北部,桃園市,楊梅區,桃園市楊梅區,182837.0,89.1229,2051.515379,5,0.273,0,0,0,2,3,0.0,0.0,0.0,0.109,0.164
北部,桃園市,蘆竹區,桃園市蘆竹區,170556.0,75.5025,2258.945068,4,0.235,0,0,0,3,1,0.0,0.0,0.0,0.176,0.059
北部,桃園市,大園區,桃園市大園區,89713.0,87.3925,1026.552622,4,0.446,0,0,0,4,0,0.0,0.0,0.0,0.446,0.0
北部,桃園市,龜山區,桃園市龜山區,188328.0,72.0177,2615.023807,10,0.531,0,0,0,5,5,0.0,0.0,0.0,0.265,0.265
北部,桃園市,八德區,桃園市八德區,216058.0,33.7111,6409.105606,9,0.417,0,0,0,3,6,0.0,0.0,0.0,0.139,0.278
北部,桃園市,龍潭區,桃園市龍潭區,127360.0,75.2341,1692.849386,2,0.157,0,0,0,1,1,0.0,0.0,0.0,0.079,0.079
北部,桃園市,平鎮區,桃園市平鎮區,228210.0,47.7532,4778.946751,2,0.088,0,0,0,1,1,0.0,0.0,0.0,0.044,0.044
北部,桃園市,新屋區,桃園市新屋區,49723.0,85.0166,584.8622504,0,0.0,0,0,0,0,0,0.0,0.0,0.0,0.0,0.0
北部,桃園市,觀音區,桃園市觀音區,77526.0,87.9807,881.1705294,0,0.0,0,0,0,0,0,0.0,0.0,0.0,0.0,0.0
北部,桃園市,復興區,桃園市復興區,13296.0,350.7775,37.90436958,0,0.0,0,0,0,0,0,0.0,0.0,0.0,0.0,0.0
中部,臺中市,中區,臺中市中區,18029.0,0.8803,20480.51801,2,1.109,0,0,0,2,0,0.0,0.0,0.0,1.109,0.0
中部,臺中市,東區,臺中市東區,77745.0,9.2855,8372.731678,2,0.257,0,0,0,2,0,0.0,0.0,0.0,0.257,0.0
中部,臺中市,南區,臺中市南區,128309.0,6.8101,18840.98618,4,0.312,1,0,0,2,1,0.078,0.0,0.0,0.156,0.078
中部,臺中市,西區,臺中市西區,113288.0,5.7042,19860.4537,15,1.324,4,0,0,4,7,0.353,0.0,0.0,0.353,0.618
中部,臺中市,北區,臺中市北區,143537.0,6.9376,20689.71979,12,0.836,0,0,0,5,7,0.0,0.0,0.0,0.348,0.488
中部,臺中市,西屯區,臺中市西屯區,238052.0,39.8467,5974.196107,20,0.84,2,1,0,11,6,0.084,0.042,0.0,0.462,0.252
中部,臺中市,南屯區,臺中市南屯區,186105.0,31.2578,5953.873913,11,0.591,0,0,0,5,6,0.0,0.0,0.0,0.269,0.322
中部,臺中市,北屯區,臺中市北屯區,317182.0,62.7034,5058.449781,12,0.378,1,0,0,6,5,0.032,0.0,0.0,0.189,0.158
中部,臺中市,豐原區,臺中市豐原區,161771.0,41.1845,3927.958334,3,0.185,0,0,0,2,1,0.0,0.0,0.0,0.124,0.062
中部,臺中市,東勢區,臺中市東勢區,46488.0,117.4065,395.9576344,0,0.0,0,0,0,0,0,0.0,0.0,0.0,0.0,0.0
中部,臺中市,大甲區,臺中市大甲區,73108.0,58.5192,1249.299375,3,0.41,1,0,0,1,1,0.137,0.0,0.0,0.137,0.137
中部,臺中市,清水區,臺中市清水區,90640.0,64.1709,1412.478242,1,0.11,0,0,0,1,0,0.0,0.0,0.0,0.11,0.0
中部,臺中市,沙鹿區,臺中市沙鹿區,101419.0,40.4604,2506.623761,3,0.296,0,0,0,2,1,0.0,0.0,0.0,0.197,0.099
中部,臺中市,梧棲區,臺中市梧棲區,65685.0,16.6049,3955.760047,1,0.152,0,0,0,1,0,0.0,0.0,0.0,0.152,0.0
中部,臺中市,后里區,臺中市后里區,52754.0,58.9439,894.9865889,3,0.569,0,0,0,3,0,0.0,0.0,0.0,0.569,0.0
中部,臺中市,神岡區,臺中市神岡區,63271.0,35.0445,1805.44736,0,0.0,0,0,0,0,0,0.0,0.0,0.0,0.0,0.0
中部,臺中市,潭子區,臺中市潭子區,109314.0,25.8497,4228.830509,3,0.274,0,0,0,2,1,0.0,0.0,0.0,0.183,0.091
中部,臺中市,大雅區,臺中市大雅區,94741.0,32.4109,2923.121542,2,0.211,0,0,0,1,1,0.0,0.0,0.0,0.106,0.106
中部,臺中市,新社區,臺中市新社區,22579.0,68.8874,327.7667614,0,0.0,0,0,0,0,0,0.0,0.0,0.0,0.0,0.0
中部,臺中市,石岡區,臺中市石岡區,13668.0,18.2105,750.5559979,0,0.0,0,0,0,0,0,0.0,0.0,0.0,0.0,0.0
中部,臺中市,外埔區,臺中市外埔區,30823.0,42.4099,726.7878491,0,0.0,0,0,0,0,0,0.0,0.0,0.0,0.0,0.0
中部,臺中市,大安區,臺中市大安區,17487.0,27.4045,638.1068803,0,0.0,0,0,0,0,0,0.0,0.0,0.0,0.0,0.0
中部,臺中市,烏日區,臺中市烏日區,82248.0,43.4032,1894.975486,3,0.365,0,0,0,2,1,0.0,0.0,0.0,0.243,0.122
中部,臺中市,大肚區,臺中市大肚區,55255.0,37.0024,1493.281517,1,0.181,0,0,0,1,0,0.0,0.0,0.0,0.181,0.0
中部,臺中市,龍井區,臺中市龍井區,79241.0,38.0377,2083.222697,1,0.126,0,0,0,1,0,0.0,0.0,0.0,0.126,0.0
中部,臺中市,霧峰區,臺中市霧峰區,62627.0,98.0779,638.5434435,0,0.0,0,0,0,0,0,0.0,0.0,0.0,0.0,0.0
中部,臺中市,太平區,臺中市太平區,201536.0,120.7473,1669.072518,1,0.05,0,0,0,1,0,0.0,0.0,0.0,0.05,0.0
中部,臺中市,大里區,臺中市大里區,211094.0,28.8758,7310.412179,2,0.095,0,0,0,1,1,0.0,0.0,0.0,0.047,0.047
中部,臺中市,和平區,臺中市和平區,10469.0,1037.8192,10.08749886,0,0.0,0,0,0,0,0,0.0,0.0,0.0,0.0,0.0
南部,臺南市,新營區,臺南市新營區,74493.0,38.5386,1932.945151,2,0.268,0,0,0,1,1,0.0,0.0,0.0,0.134,0.134
南部,臺南市,鹽水區,臺南市鹽水區,23635.0,52.2455,452.3834589,0,0.0,0,0,0,0,0,0.0,0.0,0.0,0.0,0.0
南部,臺南市,白河區,臺南市白河區,24948.0,126.4046,197.3662351,0,0.0,0,0,0,0,0,0.0,0.0,0.0,0.0,0.0
南部,臺南市,柳營區,臺南市柳營區,19831.0,61.2929,323.5448151,0,0.0,0,0,0,0,0,0.0,0.0,0.0,0.0,0.0
南部,臺南市,後壁區,臺南市後壁區,20840.0,72.2189,288.5671202,0,0.0,0,0,0,0,0,0.0,0.0,0.0,0.0,0.0
南部,臺南市,東山區,臺南市東山區,18490.0,124.9178,148.0173362,0,0.0,0,0,0,0,0,0.0,0.0,0.0,0.0,0.0
南部,臺南市,麻豆區,臺南市麻豆區,42873.0,53.9744,794.3210114,1,0.233,0,0,0,1,0,0.0,0.0,0.0,0.233,0.0
南部,臺南市,下營區,臺南市下營區,21742.0,33.5291,648.4516435,0,0.0,0,0,0,0,0,0.0,0.0,0.0,0.0,0.0
南部,臺南市,六甲區,臺南市六甲區,20880.0,67.5471,309.1176379,0,0.0,0,0,0,0,0,0.0,0.0,0.0,0.0,0.0
南部,臺南市,官田區,臺南市官田區,20527.0,70.7953,289.9486265,0,0.0,0,0,0,0,0,0.0,0.0,0.0,0.0,0.0
南部,臺南市,大內區,臺南市大內區,8427.0,70.3125,119.8506667,0,0.0,0,0,0,0,0,0.0,0.0,0.0,0.0,0.0
南部,臺南市,佳里區,臺南市佳里區,58328.0,38.9422,1497.809574,1,0.171,0,0,0,1,0,0.0,0.0,0.0,0.171,0.0
南部,臺南市,學甲區,臺南市學甲區,24365.0,53.9919,451.2713944,0,0.0,0,0,0,0,0,0.0,0.0,0.0,0.0,0.0
南部,臺南市,西港區,臺南市西港區,24811.0,33.7666,734.7793382,0,0.0,0,0,0,0,0,0.0,0.0,0.0,0.0,0.0
南部,臺南市,七股區,臺南市七股區,20493.0,110.1492,186.0476517,0,0.0,0,0,0,0,0,0.0,0.0,0.0,0.0,0.0
南部,臺南市,將軍區,臺南市將軍區,17598.0,41.9796,419.2036132,0,0.0,0,0,0,0,0,0.0,0.0,0.0,0.0,0.0
南部,臺南市,北門區,臺南市北門區,9436.0,44.1003,213.9667984,0,0.0,0,0,0,0,0,0.0,0.0,0.0,0.0,0.0
南部,臺南市,新化區,臺南市新化區,41932.0,62.0579,675.6915719,1,0.238,0,0,0,1,0,0.0,0.0,0.0,0.238,0.0
南部,臺南市,善化區,臺南市善化區,53888.0,55.3097,974.295648,3,0.557,0,0,0,2,1,0.0,0.0,0.0,0.371,0.186
南部,臺南市,新市區,臺南市新市區,38279.0,47.8096,800.6550986,3,0.784,0,0,0,2,1,0.0,0.0,0.0,0.522,0.261
南部,臺南市,安定區,臺南市安定區,29783.0,31.27,952.4464343,1,0.336,0,0,0,1,0,0.0,0.0,0.0,0.336,0.0
南部,臺南市,山上區,臺南市山上區,6796.0,27.878,243.7764546,0,0.0,0,0,0,0,0,0.0,0.0,0.0,0.0,0.0
南部,臺南市,玉井區,臺南市玉井區,12674.0,76.3662,165.963476,0,0.0,0,0,0,0,0,0.0,0.0,0.0,0.0,0.0
南部,臺南市,楠西區,臺南市楠西區,8392.0,109.6316,76.54727287,0,0.0,0,0,0,0,0,0.0,0.0,0.0,0.0,0.0
南部,臺南市,南化區,臺南市南化區,7606.0,171.5198,44.34473454,0,0.0,0,0,0,0,0,0.0,0.0,0.0,0.0,0.0
南部,臺南市,左鎮區,臺南市左鎮區,4095.0,74.9025,54.67107239,0,0.0,0,0,0,0,0,0.0,0.0,0.0,0.0,0.0
南部,臺南市,仁德區,臺南市仁德區,77496.0,50.7664,1526.521479,0,0.0,0,0,0,0,0,0.0,0.0,0.0,0.0,0.0
南部,臺南市,歸仁區,臺南市歸仁區,70574.0,55.7913,1264.964251,3,0.425,0,0,0,2,1,0.0,0.0,0.0,0.283,0.142
南部,臺南市,關廟區,臺南市關廟區,33198.0,53.6413,618.888804,0,0.0,0,0,0,0,0,0.0,0.0,0.0,0.0,0.0
南部,臺南市,龍崎區,臺南市龍崎區,3234.0,64.0814,50.46706221,0,0.0,0,0,0,0,0,0.0,0.0,0.0,0.0,0.0
南部,臺南市,永康區,臺南市永康區,235805.0,40.2753,5854.829138,7,0.297,0,0,0,5,2,0.0,0.0,0.0,0.212,0.085
南部,臺南市,東區,臺南市東區,180856.0,13.4156,13481.02209,6,0.332,0,0,0,3,3,0.0,0.0,0.0,0.166,0.166
南部,臺南市,南區,臺南市南區,119121.0,27.2681,4368.511191,1,0.084,0,0,0,1,0,0.0,0.0,0.0,0.084,0.0
南部,臺南市,北區,臺南市北區,125439.0,10.434,12022.13916,5,0.399,1,0,0,2,2,0.08,0.0,0.0,0.159,0.159
南部,臺南市,安南區,臺南市安南區,204534.0,107.2016,1907.937941,5,0.244,0,0,0,4,1,0.0,0.0,0.0,0.196,0.049
南部,臺南市,安平區,臺南市安平區,71256.0,11.0663,6439.008521,1,0.14,0,0,0,1,0,0.0,0.0,0.0,0.14,0.0
南部,臺南市,中西區,臺南市中西區,75802.0,6.26,12108.94569,13,1.715,1,0,0,7,5,0.132,0.0,0.0,0.923,0.66
南部,高雄市,鹽埕區,高雄市鹽埕區,21871.0,1.4161,15444.53075,0,0.0,0,0,0,0,0,0.0,0.0,0.0,0.0,0.0
南部,高雄市,鼓山區,高雄市鼓山區,140791.0,14.7523,9543.664378,7,0.497,0,1,0,3,3,0.0,0.071,0.0,0.213,0.213
南部,高雄市,左營區,高雄市左營區,197621.0,19.3823,10195.95198,8,0.405,0,0,0,6,2,0.0,0.0,0.0,0.304,0.101
南部,高雄市,楠梓區,高雄市楠梓區,195613.0,25.8276,7573.797023,5,0.256,0,0,0,4,1,0.0,0.0,0.0,0.204,0.051
南部,高雄市,三民區,高雄市三民區,328827.0,19.7866,16618.67122,7,0.213,0,0,0,3,4,0.0,0.0,0.0,0.091,0.122
南部,高雄市,新興區,高雄市新興區,49380.0,1.9764,24984.82089,3,0.608,0,0,0,2,1,0.0,0.0,0.0,0.405,0.203
南部,高雄市,前金區,高雄市前金區,27670.0,1.8573,14897.97017,2,0.723,0,0,0,2,0,0.0,0.0,0.0,0.723,0.0
南部,高雄市,苓雅區,高雄市苓雅區,161185.0,8.1522,19771.9634,9,0.558,2,0,0,7,0,0.124,0.0,0.0,0.434,0.0
南部,高雄市,前鎮區,高雄市前鎮區,176845.0,19.1207,9248.876872,2,0.113,0,0,0,1,1,0.0,0.0,0.0,0.057,0.057
南部,高雄市,旗津區,高雄市旗津區,24906.0,1.7341,14362.49351,0,0.0,0,0,0,0,0,0.0,0.0,0.0,0.0,0.0
南部,高雄市,小港區,高雄市小港區,153310.0,45.4426,3373.70661,4,0.261,0,0,0,3,1,0.0,0.0,0.0,0.196,0.065
南部,高雄市,鳳山區,高雄市鳳山區,353000.0,26.759,13191.82331,3,0.085,1,0,0,1,1,0.028,0.0,0.0,0.028,0.028
南部,高雄市,林園區,高雄市林園區,67341.0,32.286,2085.764728,1,0.148,0,0,0,1,0,0.0,0.0,0.0,0.148,0.0
南部,高雄市,大寮區,高雄市大寮區,112239.0,71.04,1579.940878,1,0.089,0,0,0,1,0,0.0,0.0,0.0,0.089,0.0
南部,高雄市,大樹區,高雄市大樹區,39906.0,66.9811,595.7800036,0,0.0,0,0,0,0,0,0.0,0.0,0.0,0.0,0.0
南部,高雄市,大社區,高雄市大社區,33741.0,26.5848,1269.183895,0,0.0,0,0,0,0,0,0.0,0.0,0.0,0.0,0.0
南部,高雄市,仁武區,高雄市仁武區,100311.0,36.0808,2780.176714,2,0.199,0,0,0,1,1,0.0,0.0,0.0,0.1,0.1
南部,高雄市,鳥松區,高雄市鳥松區,43703.0,24.5927,1777.072058,1,0.229,0,0,0,1,0,0.0,0.0,0.0,0.229,0.0
南部,高雄市,岡山區,高雄市岡山區,94624.0,47.9421,1973.714126,3,0.317,0,0,0,2,1,0.0,0.0,0.0,0.211,0.106
南部,高雄市,橋頭區,高雄市橋頭區,43341.0,25.9379,1670.952544,0,0.0,0,0,0,0,0,0.0,0.0,0.0,0.0,0.0
南部,高雄市,燕巢區,高雄市燕巢區,28348.0,65.395,433.4887988,0,0.0,0,0,0,0,0,0.0,0.0,0.0,0.0,0.0
南部,高雄市,田寮區,高雄市田寮區,6125.0,92.6802,66.08747068,0,0.0,0,0,0,0,0,0.0,0.0,0.0,0.0,0.0
南部,高雄市,阿蓮區,高雄市阿蓮區,26785.0,34.6164,773.7661917,0,0.0,0,0,0,0,0,0.0,0.0,0.0,0.0,0.0
南部,高雄市,路竹區,高雄市路竹區,48906.0,48.4348,1009.728542,1,0.204,0,0,0,1,0,0.0,0.0,0.0,0.204,0.0
南部,高雄市,湖內區,高雄市湖內區,29295.0,20.1615,1453.016889,0,0.0,0,0,0,0,0,0.0,0.0,0.0,0.0,0.0
南部,高雄市,茄萣區,高雄市茄萣區,28732.0,15.7624,1822.81886,0,0.0,0,0,0,0,0,0.0,0.0,0.0,0.0,0.0
南部,高雄市,永安區,高雄市永安區,13510.0,22.6141,597.4148872,0,0.0,0,0,0,0,0,0.0,0.0,0.0,0.0,0.0
南部,高雄市,彌陀區,高雄市彌陀區,17715.0,14.7772,1198.806269,0,0.0,0,0,0,0,0,0.0,0.0,0.0,0.0,0.0
南部,高雄市,梓官區,高雄市梓官區,34701.0,11.5967,2992.31678,0,0.0,0,0,0,0,0,0.0,0.0,0.0,0.0,0.0
南部,高雄市,旗山區,高雄市旗山區,33368.0,94.6122,352.6817895,1,0.3,0,0,0,1,0,0.0,0.0,0.0,0.3,0.0
南部,高雄市,美濃區,高雄市美濃區,36074.0,120.0316,300.5375251,0,0.0,0,0,0,0,0,0.0,0.0,0.0,0.0,0.0
南部,高雄市,六龜區,高雄市六龜區,11286.0,194.1584,58.12779669,0,0.0,0,0,0,0,0,0.0,0.0,0.0,0.0,0.0
南部,高雄市,甲仙區,高雄市甲仙區,5279.0,124.034,42.56091072,0,0.0,0,0,0,0,0,0.0,0.0,0.0,0.0,0.0
南部,高雄市,杉林區,高雄市杉林區,10569.0,104.0036,101.6214823,0,0.0,0,0,0,0,0,0.0,0.0,0.0,0.0,0.0
南部,高雄市,內門區,高雄市內門區,12519.0,95.6224,130.9212067,0,0.0,0,0,0,0,0,0.0,0.0,0.0,0.0,0.0
南部,高雄市,茂林區,高雄市茂林區,1846.0,194.0,9.515463918,0,0.0,0,0,0,0,0,0.0,0.0,0.0,0.0,0.0
南部,高雄市,桃源區,高雄市桃源區,4151.0,928.98,4.468341622,0,0.0,0,0,0,0,0,0.0,0.0,0.0,0.0,0.0
南部,高雄市,那瑪夏區,高雄市那瑪夏區,3111.0,252.9895,12.29695304,0,0.0,0,0,0,0,0,0.0,0.0,0.0,0.0,0.0
北部,宜蘭縣,宜蘭市,宜蘭縣宜蘭市,94561.0,29.408,3215.485582,3,0.317,0,0,0,3,0,0.0,0.0,0.0,0.317,0.0
北部,宜蘭縣,羅東鎮,宜蘭縣羅東鎮,68960.0,11.3448,6078.555814,3,0.435,1,0,0,2,0,0.145,0.0,0.0,0.29,0.0
北部,宜蘭縣,蘇澳鎮,宜蘭縣蘇澳鎮,36413.0,89.0196,409.0447497,0,0.0,0,0,0,0,0,0.0,0.0,0.0,0.0,0.0
北部,宜蘭縣,頭城鎮,宜蘭縣頭城鎮,27868.0,100.893,276.2134142,1,0.359,0,0,0,1,0,0.0,0.0,0.0,0.359,0.0
北部,宜蘭縣,礁溪鄉,宜蘭縣礁溪鄉,36629.0,101.4278,361.1337326,2,0.546,0,0,0,1,1,0.0,0.0,0.0,0.273,0.273
北部,宜蘭縣,壯圍鄉,宜蘭縣壯圍鄉,24479.0,38.4769,636.1999018,0,0.0,0,0,0,0,0,0.0,0.0,0.0,0.0,0.0
北部,宜蘭縣,員山鄉,宜蘭縣員山鄉,32226.0,111.9106,287.9619982,0,0.0,0,0,0,0,0,0.0,0.0,0.0,0.0,0.0
北部,宜蘭縣,冬山鄉,宜蘭縣冬山鄉,52938.0,79.8573,662.9074612,0,0.0,0,0,0,0,0,0.0,0.0,0.0,0.0,0.0
北部,宜蘭縣,五結鄉,宜蘭縣五結鄉,41737.0,38.8671,1073.838799,0,0.0,0,0,0,0,0,0.0,0.0,0.0,0.0,0.0
北部,宜蘭縣,三星鄉,宜蘭縣三星鄉,21356.0,144.2238,148.0754217,0,0.0,0,0,0,0,0,0.0,0.0,0.0,0.0,0.0
北部,宜蘭縣,大同鄉,宜蘭縣大同鄉,5998.0,657.5442,9.121820252,0,0.0,0,0,0,0,0,0.0,0.0,0.0,0.0,0.0
北部,宜蘭縣,南澳鄉,宜蘭縣南澳鄉,6171.0,740.652,8.331848155,0,0.0,0,0,0,0,0,0.0,0.0,0.0,0.0,0.0
北部,新竹縣,竹北市,新竹縣竹北市,220973.0,46.8341,4718.20746,17,0.769,2,1,0,7,7,0.091,0.045,0.0,0.317,0.317
北部,新竹縣,關西鎮,新竹縣關西鎮,26011.0,125.5193,207.2270958,0,0.0,0,0,0,0,0,0.0,0.0,0.0,0.0,0.0
北部,新竹縣,新埔鎮,新竹縣新埔鎮,33561.0,72.1911,464.8911015,0,0.0,0,0,0,0,0,0.0,0.0,0.0,0.0,0.0
北部,新竹縣,竹東鎮,新竹縣竹東鎮,97894.0,53.5133,1829.339622,3,0.306,0,0,0,1,2,0.0,0.0,0.0,0.102,0.204
北部,新竹縣,湖口鄉,新竹縣湖口鄉,84963.0,58.4303,1454.091456,2,0.235,0,0,0,2,0,0.0,0.0,0.0,0.235,0.0
北部,新竹縣,橫山鄉,新竹縣橫山鄉,11901.0,66.3502,179.3664526,0,0.0,0,0,0,0,0,0.0,0.0,0.0,0.0,0.0
北部,新竹縣,新豐鄉,新竹縣新豐鄉,59839.0,46.3496,1291.035953,2,0.334,0,0,0,1,1,0.0,0.0,0.0,0.167,0.167
北部,新竹縣,芎林鄉,新竹縣芎林鄉,20385.0,40.7858,499.8063051,1,0.491,0,0,0,1,0,0.0,0.0,0.0,0.491,0.0
北部,新竹縣,寶山鄉,新竹縣寶山鄉,14588.0,64.7871,225.168282,0,0.0,0,0,0,0,0,0.0,0.0,0.0,0.0,0.0
北部,新竹縣,北埔鄉,新竹縣北埔鄉,8289.0,50.6676,163.5956706,0,0.0,0,0,0,0,0,0.0,0.0,0.0,0.0,0.0
北部,新竹縣,峨眉鄉,新竹縣峨眉鄉,4970.0,46.801,106.1943121,0,0.0,0,0,0,0,0,0.0,0.0,0.0,0.0,0.0
北部,新竹縣,尖石鄉,新竹縣尖石鄉,9464.0,527.5795,17.9385287,0,0.0,0,0,0,0,0,0.0,0.0,0.0,0.0,0.0
北部,新竹縣,五峰鄉,新竹縣五峰鄉,4397.0,227.728,19.30812197,0,0.0,0,0,0,0,0,0.0,0.0,0.0,0.0,0.0
中部,苗栗縣,苗栗市,苗栗縣苗栗市,85838.0,37.8878,2265.584172,1,0.116,0,0,0,1,0,0.0,0.0,0.0,0.116,0.0
中部,苗栗縣,頭份市,苗栗縣頭份市,108231.0,53.3205,2029.819675,2,0.185,0,0,0,1,1,0.0,0.0,0.0,0.092,0.092
中部,苗栗縣,苑裡鎮,苗栗縣苑裡鎮,43237.0,68.2473,633.5342204,1,0.231,0,0,0,1,0,0.0,0.0,0.0,0.231,0.0
中部,苗栗縣,通霄鎮,苗栗縣通霄鎮,30618.0,107.8486,283.8979829,0,0.0,0,0,0,0,0,0.0,0.0,0.0,0.0,0.0
中部,苗栗縣,竹南鎮,苗栗縣竹南鎮,91538.0,37.5592,2437.165861,0,0.0,0,0,0,0,0,0.0,0.0,0.0,0.0,0.0
中部,苗栗縣,後龍鎮,苗栗縣後龍鎮,33531.0,75.8079,442.3153787,1,0.298,0,0,0,1,0,0.0,0.0,0.0,0.298,0.0
中部,苗栗縣,卓蘭鎮,苗栗縣卓蘭鎮,14483.0,76.3153,189.7784586,0,0.0,0,0,0,0,0,0.0,0.0,0.0,0.0,0.0
中部,苗栗縣,大湖鄉,苗栗縣大湖鄉,12310.0,90.8396,135.5135866,0,0.0,0,0,0,0,0,0.0,0.0,0.0,0.0,0.0
中部,苗栗縣,公館鄉,苗栗縣公館鄉,30461.0,71.4523,426.312379,0,0.0,0,0,0,0,0,0.0,0.0,0.0,0.0,0.0
中部,苗栗縣,銅鑼鄉,苗栗縣銅鑼鄉,16079.0,78.3805,205.1403091,0,0.0,0,0,0,0,0,0.0,0.0,0.0,0.0,0.0
中部,苗栗縣,南庄鄉,苗栗縣南庄鄉,8576.0,165.4938,51.82067244,0,0.0,0,0,0,0,0,0.0,0.0,0.0,0.0,0.0
中部,苗栗縣,頭屋鄉,苗栗縣頭屋鄉,9354.0,52.5046,178.1558187,0,0.0,0,0,0,0,0,0.0,0.0,0.0,0.0,0.0
中部,苗栗縣,三義鄉,苗栗縣三義鄉,14485.0,69.3424,208.8909527,0,0.0,0,0,0,0,0,0.0,0.0,0.0,0.0,0.0
中部,苗栗縣,西湖鄉,苗栗縣西湖鄉,5875.0,41.0758,143.0282551,1,1.702,0,0,0,1,0,0.0,0.0,0.0,1.702,0.0
中部,苗栗縣,造橋鄉,苗栗縣造橋鄉,11548.0,47.9978,240.5943606,0,0.0,0,0,0,0,0,0.0,0.0,0.0,0.0,0.0
中部,苗栗縣,三灣鄉,苗栗縣三灣鄉,5664.0,52.2964,108.3057342,0,0.0,0,0,0,0,0,0.0,0.0,0.0,0.0,0.0
中部,苗栗縣,獅潭鄉,苗栗縣獅潭鄉,3943.0,79.4324,49.63969363,0,0.0,0,0,0,0,0,0.0,0.0,0.0,0.0,0.0
中部,苗栗縣,泰安鄉,苗栗縣泰安鄉,5401.0,614.5127,8.789077915,0,0.0,0,0,0,0,0,0.0,0.0,0.0,0.0,0.0
中部,彰化縣,彰化市,彰化縣彰化市,220487.0,65.6947,3356.237261,3,0.136,0,0,0,3,0,0.0,0.0,0.0,0.136,0.0
中部,彰化縣,員林市,彰化縣員林市,122148.0,40.038,3050.801738,2,0.164,0,0,0,1,1,0.0,0.0,0.0,0.082,0.082
中部,彰化縣,鹿港鎮,彰化縣鹿港鎮,82212.0,39.4625,2083.294267,2,0.243,0,0,0,1,1,0.0,0.0,0.0,0.122,0.122
中部,彰化縣,和美鎮,彰化縣和美鎮,86635.0,39.9345,2169.427437,1,0.115,0,0,0,1,0,0.0,0.0,0.0,0.115,0.0
中部,彰化縣,北斗鎮,彰化縣北斗鎮,33099.0,19.2547,1719.008865,1,0.302,0,0,0,1,0,0.0,0.0,0.0,0.302,0.0
中部,彰化縣,溪湖鎮,彰化縣溪湖鎮,52832.0,32.0592,1647.95129,3,0.568,0,0,0,1,2,0.0,0.0,0.0,0.189,0.379
中部,彰化縣,田中鎮,彰化縣田中鎮,38273.0,34.6056,1105.977067,0,0.0,0,0,0,0,0,0.0,0.0,0.0,0.0,0.0
中部,彰化縣,二林鎮,彰化縣二林鎮,46419.0,92.8478,499.9472255,0,0.0,0,0,0,0,0,0.0,0.0,0.0,0.0,0.0
中部,彰化縣,線西鄉,彰化縣線西鄉,16014.0,18.0856,885.4558323,0,0.0,0,0,0,0,0,0.0,0.0,0.0,0.0,0.0
中部,彰化縣,伸港鄉,彰化縣伸港鄉,38146.0,22.3268,1708.529659,0,0.0,0,0,0,0,0,0.0,0.0,0.0,0.0,0.0
中部,彰化縣,福興鄉,彰化縣福興鄉,44284.0,49.8934,887.5723042,0,0.0,0,0,0,0,0,0.0,0.0,0.0,0.0,0.0
中部,彰化縣,秀水鄉,彰化縣秀水鄉,37356.0,29.3447,1273.00671,0,0.0,0,0,0,0,0,0.0,0.0,0.0,0.0,0.0
中部,彰化縣,花壇鄉,彰化縣花壇鄉,42816.0,36.3469,1177.982166,1,0.234,0,0,0,1,0,0.0,0.0,0.0,0.234,0.0
中部,彰化縣,芬園鄉,彰化縣芬園鄉,21334.0,38.0204,561.1198199,0,0.0,0,0,0,0,0,0.0,0.0,0.0,0.0,0.0
中部,彰化縣,大村鄉,彰化縣大村鄉,38919.0,30.7837,1264.272976,0,0.0,0,0,0,0,0,0.0,0.0,0.0,0.0,0.0
中部,彰化縣,埔鹽鄉,彰化縣埔鹽鄉,30041.0,38.6081,778.1009684,0,0.0,0,0,0,0,0,0.0,0.0,0.0,0.0,0.0
中部,彰化縣,埔心鄉,彰化縣埔心鄉,33082.0,20.9526,1578.89713,1,0.302,0,0,0,1,0,0.0,0.0,0.0,0.302,0.0
中部,彰化縣,永靖鄉,彰化縣永靖鄉,34177.0,20.6382,1656.006822,0,0.0,0,0,0,0,0,0.0,0.0,0.0,0.0,0.0
中部,彰化縣,社頭鄉,彰化縣社頭鄉,40272.0,36.1449,1114.182084,1,0.248,0,0,0,1,0,0.0,0.0,0.0,0.248,0.0
中部,彰化縣,二水鄉,彰化縣二水鄉,13220.0,29.4449,448.9741857,0,0.0,0,0,0,0,0,0.0,0.0,0.0,0.0,0.0
中部,彰化縣,田尾鄉,彰化縣田尾鄉,25251.0,24.0375,1050.483619,0,0.0,0,0,0,0,0,0.0,0.0,0.0,0.0,0.0
中部,彰化縣,埤頭鄉,彰化縣埤頭鄉,27997.0,42.7508,654.8883296,0,0.0,0,0,0,0,0,0.0,0.0,0.0,0.0,0.0
中部,彰化縣,芳苑鄉,彰化縣芳苑鄉,29880.0,91.3827,326.9765503,0,0.0,0,0,0,0,0,0.0,0.0,0.0,0.0,0.0
中部,彰化縣,大城鄉,彰化縣大城鄉,14146.0,63.7406,221.9307631,0,0.0,0,0,0,0,0,0.0,0.0,0.0,0.0,0.0
中部,彰化縣,竹塘鄉,彰化縣竹塘鄉,13918.0,42.1662,330.0747992,0,0.0,0,0,0,0,0,0.0,0.0,0.0,0.0,0.0
中部,彰化縣,溪州鄉,彰化縣溪州鄉,27248.0,75.831,359.3253419,0,0.0,0,0,0,0,0,0.0,0.0,0.0,0.0,0.0
中部,南投縣,南投市,南投縣南投市,96229.0,71.6021,1343.94103,2,0.208,0,0,0,2,0,0.0,0.0,0.0,0.208,0.0
中部,南投縣,埔里鎮,南投縣埔里鎮,75613.0,162.2227,466.1061615,0,0.0,0,0,0,0,0,0.0,0.0,0.0,0.0,0.0
中部,南投縣,草屯鎮,南投縣草屯鎮,97724.0,104.0327,939.3584902,1,0.102,0,0,0,1,0,0.0,0.0,0.0,0.102,0.0
中部,南投縣,竹山鎮,南投縣竹山鎮,49905.0,247.3339,201.7717749,0,0.0,0,0,0,0,0,0.0,0.0,0.0,0.0,0.0
中部,南投縣,集集鎮,南投縣集集鎮,9882.0,49.7268,198.725838,0,0.0,0,0,0,0,0,0.0,0.0,0.0,0.0,0.0
中部,南投縣,名間鄉,南投縣名間鄉,34557.0,83.0955,415.8708955,0,0.0,0,0,0,0,0,0.0,0.0,0.0,0.0,0.0
中部,南投縣,鹿谷鄉,南投縣鹿谷鄉,15454.0,141.8981,108.9091397,0,0.0,0,0,0,0,0,0.0,0.0,0.0,0.0,0.0
中部,南投縣,中寮鄉,南投縣中寮鄉,12825.0,146.6541,87.45067475,0,0.0,0,0,0,0,0,0.0,0.0,0.0,0.0,0.0
中部,南投縣,魚池鄉,南投縣魚池鄉,14098.0,121.3735,116.1538557,0,0.0,0,0,0,0,0,0.0,0.0,0.0,0.0,0.0
中部,南投縣,國姓鄉,南投縣國姓鄉,15963.0,175.7042,90.8515562,0,0.0,0,0,0,0,0,0.0,0.0,0.0,0.0,0.0
中部,南投縣,水里鄉,南投縣水里鄉,15452.0,106.8424,144.6242316,0,0.0,0,0,0,0,0,0.0,0.0,0.0,0.0,0.0
中部,南投縣,信義鄉,南投縣信義鄉,14886.0,1422.4188,10.46527225,0,0.0,0,0,0,0,0,0.0,0.0,0.0,0.0,0.0
中部,南投縣,仁愛鄉,南投縣仁愛鄉,15293.0,1273.5312,12.00834342,0,0.0,0,0,0,0,0,0.0,0.0,0.0,0.0,0.0
中部,雲林縣,斗六市,雲林縣斗六市,109030.0,93.7151,1163.419769,4,0.367,0,0,0,3,1,0.0,0.0,0.0,0.275,0.092
中部,雲林縣,斗南鎮,雲林縣斗南鎮,43322.0,48.1505,899.7206675,1,0.231,0,0,0,1,0,0.0,0.0,0.0,0.231,0.0
中部,雲林縣,虎尾鎮,雲林縣虎尾鎮,71349.0,68.742,1037.924413,5,0.701,0,0,0,3,2,0.0,0.0,0.0,0.42,0.28
中部,雲林縣,西螺鎮,雲林縣西螺鎮,43975.0,49.7985,883.0587267,1,0.227,0,0,0,1,0,0.0,0.0,0.0,0.227,0.0
中部,雲林縣,土庫鎮,雲林縣土庫鎮,27234.0,49.0212,555.5555556,0,0.0,0,0,0,0,0,0.0,0.0,0.0,0.0,0.0
中部,雲林縣,北港鎮,雲林縣北港鎮,37053.0,41.4999,892.8455249,2,0.54,0,0,0,1,1,0.0,0.0,0.0,0.27,0.27
中部,雲林縣,古坑鄉,雲林縣古坑鄉,29193.0,166.6059,175.2218859,0,0.0,0,0,0,0,0,0.0,0.0,0.0,0.0,0.0
中部,雲林縣,大埤鄉,雲林縣大埤鄉,17521.0,44.9973,389.3789183,0,0.0,0,0,0,0,0,0.0,0.0,0.0,0.0,0.0
中部,雲林縣,莿桐鄉,雲林縣莿桐鄉,27201.0,50.8502,534.9241498,0,0.0,0,0,0,0,0,0.0,0.0,0.0,0.0,0.0
中部,雲林縣,林內鄉,雲林縣林內鄉,16285.0,37.6035,433.0713896,0,0.0,0,0,0,0,0,0.0,0.0,0.0,0.0,0.0
中部,雲林縣,二崙鄉,雲林縣二崙鄉,24165.0,59.5625,405.7082896,0,0.0,0,0,0,0,0,0.0,0.0,0.0,0.0,0.0
中部,雲林縣,崙背鄉,雲林縣崙背鄉,22255.0,58.484,380.5314274,0,0.0,0,0,0,0,0,0.0,0.0,0.0,0.0,0.0
中部,雲林縣,麥寮鄉,雲林縣麥寮鄉,48815.0,80.1668,608.9179062,2,0.41,0,0,0,1,1,0.0,0.0,0.0,0.205,0.205
中部,雲林縣,東勢鄉,雲林縣東勢鄉,12885.0,48.3562,266.4601437,0,0.0,0,0,0,0,0,0.0,0.0,0.0,0.0,0.0
中部,雲林縣,褒忠鄉,雲林縣褒忠鄉,11490.0,37.0552,310.0779378,0,0.0,0,0,0,0,0,0.0,0.0,0.0,0.0,0.0
中部,雲林縣,臺西鄉,雲林縣臺西鄉,20778.0,54.0983,384.0786125,0,0.0,0,0,0,0,0,0.0,0.0,0.0,0.0,0.0
中部,雲林縣,元長鄉,雲林縣元長鄉,22478.0,71.5872,313.9946806,0,0.0,0,0,0,0,0,0.0,0.0,0.0,0.0,0.0
中部,雲林縣,四湖鄉,雲林縣四湖鄉,20210.0,77.1189,262.0628666,0,0.0,0,0,0,0,0,0.0,0.0,0.0,0.0,0.0
中部,雲林縣,口湖鄉,雲林縣口湖鄉,23945.0,80.4612,297.5968541,0,0.0,0,0,0,0,0,0.0,0.0,0.0,0.0,0.0
中部,雲林縣,水林鄉,雲林縣水林鄉,21805.0,72.9582,298.8697638,0,0.0,0,0,0,0,0,0.0,0.0,0.0,0.0,0.0
南部,嘉義縣,太保市,嘉義縣太保市,39923.0,66.8964,596.7884669,1,0.25,0,0,0,1,0,0.0,0.0,0.0,0.25,0.0
南部,嘉義縣,朴子市,嘉義縣朴子市,39950.0,49.5737,805.8708549,1,0.25,0,0,0,1,0,0.0,0.0,0.0,0.25,0.0
南部,嘉義縣,布袋鎮,嘉義縣布袋鎮,23589.0,61.7307,382.1275314,0,0.0,0,0,0,0,0,0.0,0.0,0.0,0.0,0.0
南部,嘉義縣,大林鎮,嘉義縣大林鎮,29542.0,64.1663,460.397436,0,0.0,0,0,0,0,0,0.0,0.0,0.0,0.0,0.0
南部,嘉義縣,民雄鄉,嘉義縣民雄鄉,69716.0,85.4969,815.4213779,3,0.43,0,0,0,1,2,0.0,0.0,0.0,0.143,0.287
南部,嘉義縣,溪口鄉,嘉義縣溪口鄉,12604.0,33.0463,381.4042722,0,0.0,0,0,0,0,0,0.0,0.0,0.0,0.0,0.0
南部,嘉義縣,新港鄉,嘉義縣新港鄉,29006.0,66.0495,439.1554819,1,0.345,0,0,0,1,0,0.0,0.0,0.0,0.345,0.0
南部,嘉義縣,六腳鄉,嘉義縣六腳鄉,20044.0,62.2619,321.9304262,0,0.0,0,0,0,0,0,0.0,0.0,0.0,0.0,0.0
南部,嘉義縣,東石鄉,嘉義縣東石鄉,21671.0,81.5821,265.6342507,0,0.0,0,0,0,0,0,0.0,0.0,0.0,0.0,0.0
南部,嘉義縣,義竹鄉,嘉義縣義竹鄉,15829.0,79.2925,199.6279598,0,0.0,0,0,0,0,0,0.0,0.0,0.0,0.0,0.0
南部,嘉義縣,鹿草鄉,嘉義縣鹿草鄉,13460.0,54.3151,247.8132232,0,0.0,0,0,0,0,0,0.0,0.0,0.0,0.0,0.0
南部,嘉義縣,水上鄉,嘉義縣水上鄉,46932.0,69.1198,678.9950202,0,0.0,0,0,0,0,0,0.0,0.0,0.0,0.0,0.0
南部,嘉義縣,中埔鄉,嘉義縣中埔鄉,41673.0,129.5016,321.795252,1,0.24,0,0,0,1,0,0.0,0.0,0.0,0.24,0.0
南部,嘉義縣,竹崎鄉,嘉義縣竹崎鄉,32160.0,162.2256,198.2424476,0,0.0,0,0,0,0,0,0.0,0.0,0.0,0.0,0.0
南部,嘉義縣,梅山鄉,嘉義縣梅山鄉,17177.0,119.7571,143.4319969,0,0.0,0,0,0,0,0,0.0,0.0,0.0,0.0,0.0
南部,嘉義縣,番路鄉,嘉義縣番路鄉,10582.0,117.5269,90.03896129,1,0.945,0,0,0,0,1,0.0,0.0,0.0,0.0,0.945
南部,嘉義縣,大埔鄉,嘉義縣大埔鄉,4160.0,173.2472,24.01193208,0,0.0,0,0,0,0,0,0.0,0.0,0.0,0.0,0.0
南部,嘉義縣,阿里山鄉,嘉義縣阿里山鄉,5163.0,427.8471,12.0673951,0,0.0,0,0,0,0,0,0.0,0.0,0.0,0.0,0.0
南部,屏東縣,屏東市,屏東縣屏東市,191466.0,65.067,2942.59763,6,0.313,2,0,0,4,0,0.104,0.0,0.0,0.209,0.0
南部,屏東縣,潮州鎮,屏東縣潮州鎮,53723.0,42.4331,1266.063521,1,0.186,0,0,0,1,0,0.0,0.0,0.0,0.186,0.0
南部,屏東縣,東港鎮,屏東縣東港鎮,45879.0,29.4635,1557.146978,1,0.218,0,0,0,1,0,0.0,0.0,0.0,0.218,0.0
南部,屏東縣,恆春鎮,屏東縣恆春鎮,28770.0,136.763,210.3639142,2,0.695,0,0,0,2,0,0.0,0.0,0.0,0.695,0.0
南部,屏東縣,萬丹鄉,屏東縣萬丹鄉,48586.0,57.4679,845.4458924,0,0.0,0,0,0,0,0,0.0,0.0,0.0,0.0,0.0
南部,屏東縣,長治鄉,屏東縣長治鄉,29192.0,39.8861,731.8840398,0,0.0,0,0,0,0,0,0.0,0.0,0.0,0.0,0.0
南部,屏東縣,麟洛鄉,屏東縣麟洛鄉,10406.0,16.26,639.9753998,0,0.0,0,0,0,0,0,0.0,0.0,0.0,0.0,0.0
南部,屏東縣,九如鄉,屏東縣九如鄉,21420.0,42.0187,509.7730296,0,0.0,0,0,0,0,0,0.0,0.0,0.0,0.0,0.0
南部,屏東縣,里港鄉,屏東縣里港鄉,24948.0,68.9208,361.9807083,0,0.0,0,0,0,0,0,0.0,0.0,0.0,0.0,0.0
南部,屏東縣,鹽埔鄉,屏東縣鹽埔鄉,23106.0,64.3493,359.0715051,0,0.0,0,0,0,0,0,0.0,0.0,0.0,0.0,0.0
南部,屏東縣,高樹鄉,屏東縣高樹鄉,21935.0,90.1522,243.3107567,0,0.0,0,0,0,0,0,0.0,0.0,0.0,0.0,0.0
南部,屏東縣,萬巒鄉,屏東縣萬巒鄉,18654.0,60.7315,307.1552654,0,0.0,0,0,0,0,0,0.0,0.0,0.0,0.0,0.0
南部,屏東縣,內埔鄉,屏東縣內埔鄉,52760.0,81.8554,644.5512452,1,0.19,0,0,0,1,0,0.0,0.0,0.0,0.19,0.0
南部,屏東縣,竹田鄉,屏東縣竹田鄉,15363.0,29.0732,528.4248036,0,0.0,0,0,0,0,0,0.0,0.0,0.0,0.0,0.0
南部,屏東縣,新埤鄉,屏東縣新埤鄉,8983.0,59.0102,152.2279199,0,0.0,0,0,0,0,0,0.0,0.0,0.0,0.0,0.0
南部,屏東縣,枋寮鄉,屏東縣枋寮鄉,22321.0,57.7347,386.6132499,0,0.0,0,0,0,0,0,0.0,0.0,0.0,0.0,0.0
南部,屏東縣,新園鄉,屏東縣新園鄉,31703.0,38.3109,827.5190612,0,0.0,0,0,0,0,0,0.0,0.0,0.0,0.0,0.0
南部,屏東縣,崁頂鄉,屏東縣崁頂鄉,14459.0,31.2659,462.4527041,0,0.0,0,0,0,0,0,0.0,0.0,0.0,0.0,0.0
南部,屏東縣,林邊鄉,屏東縣林邊鄉,15821.0,15.6233,1012.654177,0,0.0,0,0,0,0,0,0.0,0.0,0.0,0.0,0.0
南部,屏東縣,南州鄉,屏東縣南州鄉,9600.0,18.97,506.0622035,0,0.0,0,0,0,0,0,0.0,0.0,0.0,0.0,0.0
南部,屏東縣,佳冬鄉,屏東縣佳冬鄉,17323.0,30.9842,559.0914079,0,0.0,0,0,0,0,0,0.0,0.0,0.0,0.0,0.0
南部,屏東縣,琉球鄉,屏東縣琉球鄉,12076.0,6.8018,1775.412391,0,0.0,0,0,0,0,0,0.0,0.0,0.0,0.0,0.0
南部,屏東縣,車城鄉,屏東縣車城鄉,7694.0,49.8517,154.3377658,1,1.3,0,0,0,1,0,0.0,0.0,0.0,1.3,0.0
南部,屏東縣,滿州鄉,屏東縣滿州鄉,6927.0,142.2013,48.71263484,0,0.0,0,0,0,0,0,0.0,0.0,0.0,0.0,0.0
南部,屏東縣,枋山鄉,屏東縣枋山鄉,4905.0,17.2697,284.0234631,0,0.0,0,0,0,0,0,0.0,0.0,0.0,0.0,0.0
南部,屏東縣,三地門鄉,屏東縣三地門鄉,7598.0,196.3965,38.68704381,0,0.0,0,0,0,0,0,0.0,0.0,0.0,0.0,0.0
南部,屏東縣,霧臺鄉,屏東縣霧臺鄉,3166.0,278.796,11.35597354,0,0.0,0,0,0,0,0,0.0,0.0,0.0,0.0,0.0
南部,屏東縣,瑪家鄉,屏東縣瑪家鄉,6647.0,78.7008,84.45911604,0,0.0,0,0,0,0,0,0.0,0.0,0.0,0.0,0.0
南部,屏東縣,泰武鄉,屏東縣泰武鄉,5190.0,118.6266,43.75072707,0,0.0,0,0,0,0,0,0.0,0.0,0.0,0.0,0.0
南部,屏東縣,來義鄉,屏東縣來義鄉,7282.0,167.7756,43.40321239,0,0.0,0,0,0,0,0,0.0,0.0,0.0,0.0,0.0
南部,屏東縣,春日鄉,屏東縣春日鄉,4857.0,160.001,30.35606027,0,0.0,0,0,0,0,0,0.0,0.0,0.0,0.0,0.0
南部,屏東縣,獅子鄉,屏東縣獅子鄉,4825.0,301.0018,16.02980447,0,0.0,0,0,0,0,0,0.0,0.0,0.0,0.0,0.0
南部,屏東縣,牡丹鄉,屏東縣牡丹鄉,4671.0,181.8366,25.68789782,0,0.0,0,0,0,0,0,0.0,0.0,0.0,0.0,0.0
未涵蓋,臺東縣,臺東市,臺東縣臺東市,102681.0,109.7691,935.4271831,0,0.0,0,0,0,0,0,0.0,0.0,0.0,0.0,0.0
未涵蓋,臺東縣,成功鎮,臺東縣成功鎮,12754.0,143.9939,88.5731965,0,0.0,0,0,0,0,0,0.0,0.0,0.0,0.0,0.0
未涵蓋,臺東縣,關山鎮,臺東縣關山鎮,7757.0,58.7351,132.0675371,0,0.0,0,0,0,0,0,0.0,0.0,0.0,0.0,0.0
未涵蓋,臺東縣,卑南鄉,臺東縣卑南鄉,16264.0,412.6871,39.41000337,0,0.0,0,0,0,0,0,0.0,0.0,0.0,0.0,0.0
未涵蓋,臺東縣,大武鄉,臺東縣大武鄉,5327.0,69.1454,77.04055512,1,1.877,0,0,0,1,0,0.0,0.0,0.0,1.877,0.0
未涵蓋,臺東縣,太麻里鄉,臺東縣太麻里鄉,10375.0,96.6523,107.3435397,0,0.0,0,0,0,0,0,0.0,0.0,0.0,0.0,0.0
未涵蓋,臺東縣,東河鄉,臺東縣東河鄉,7710.0,210.1908,36.68095844,0,0.0,0,0,0,0,0,0.0,0.0,0.0,0.0,0.0
未涵蓋,臺東縣,長濱鄉,臺東縣長濱鄉,6469.0,155.1868,41.68524643,0,0.0,0,0,0,0,0,0.0,0.0,0.0,0.0,0.0
未涵蓋,臺東縣,鹿野鄉,臺東縣鹿野鄉,6924.0,89.698,77.19235657,0,0.0,0,0,0,0,0,0.0,0.0,0.0,0.0,0.0
未涵蓋,臺東縣,池上鄉,臺東縣池上鄉,7529.0,82.6854,91.05597844,0,0.0,0,0,0,0,0,0.0,0.0,0.0,0.0,0.0
未涵蓋,臺東縣,綠島鄉,臺東縣綠島鄉,4327.0,15.0919,286.7100895,0,0.0,0,0,0,0,0,0.0,0.0,0.0,0.0,0.0
未涵蓋,臺東縣,延平鄉,臺東縣延平鄉,3547.0,455.8805,7.780547753,0,0.0,0,0,0,0,0,0.0,0.0,0.0,0.0,0.0
未涵蓋,臺東縣,海端鄉,臺東縣海端鄉,4317.0,880.0382,4.905468876,0,0.0,0,0,0,0,0,0.0,0.0,0.0,0.0,0.0
未涵蓋,臺東縣,達仁鄉,臺東縣達仁鄉,3437.0,306.4454,11.21570107,0,0.0,0,0,0,0,0,0.0,0.0,0.0,0.0,0.0
未涵蓋,臺東縣,金峰鄉,臺東縣金峰鄉,3682.0,380.6635,9.672584842,0,0.0,0,0,0,0,0,0.0,0.0,0.0,0.0,0.0
未涵蓋,臺東縣,蘭嶼鄉,臺東縣蘭嶼鄉,5220.0,48.3892,107.875311,0,0.0,0,0,0,0,0,0.0,0.0,0.0,0.0,0.0
未涵蓋,花蓮縣,花蓮市,花蓮縣花蓮市,96860.0,29.4095,3293.493599,0,0.0,0,0,0,0,0,0.0,0.0,0.0,0.0,0.0
未涵蓋,花蓮縣,鳳林鎮,花蓮縣鳳林鎮,10136.0,120.5181,84.10354959,0,0.0,0,0,0,0,0,0.0,0.0,0.0,0.0,0.0
未涵蓋,花蓮縣,玉里鎮,花蓮縣玉里鎮,21277.0,252.3719,84.3081183,0,0.0,0,0,0,0,0,0.0,0.0,0.0,0.0,0.0
未涵蓋,花蓮縣,新城鄉,花蓮縣新城鄉,20492.0,29.4095,696.7816522,0,0.0,0,0,0,0,0,0.0,0.0,0.0,0.0,0.0
未涵蓋,花蓮縣,吉安鄉,花蓮縣吉安鄉,83004.0,65.2582,1271.93211,0,0.0,0,0,0,0,0,0.0,0.0,0.0,0.0,0.0
未涵蓋,花蓮縣,壽豐鄉,花蓮縣壽豐鄉,16628.0,218.4448,76.11991679,0,0.0,0,0,0,0,0,0.0,0.0,0.0,0.0,0.0
未涵蓋,花蓮縣,光復鄉,花蓮縣光復鄉,11478.0,157.11,73.05709376,0,0.0,0,0,0,0,0,0.0,0.0,0.0,0.0,0.0
未涵蓋,花蓮縣,豐濱鄉,花蓮縣豐濱鄉,4082.0,162.4332,25.1303305,0,0.0,0,0,0,0,0,0.0,0.0,0.0,0.0,0.0
未涵蓋,花蓮縣,瑞穗鄉,花蓮縣瑞穗鄉,10388.0,135.5862,76.61546677,0,0.0,0,0,0,0,0,0.0,0.0,0.0,0.0,0.0
未涵蓋,花蓮縣,富里鄉,花蓮縣富里鄉,9386.0,176.3705,53.21751653,0,0.0,0,0,0,0,0,0.0,0.0,0.0,0.0,0.0
未涵蓋,花蓮縣,秀林鄉,花蓮縣秀林鄉,17178.0,1641.8555,10.46255289,0,0.0,0,0,0,0,0,0.0,0.0,0.0,0.0,0.0
未涵蓋,花蓮縣,萬榮鄉,花蓮縣萬榮鄉,6047.0,618.491,9.777021816,0,0.0,0,0,0,0,0,0.0,0.0,0.0,0.0,0.0
未涵蓋,花蓮縣,卓溪鄉,花蓮縣卓溪鄉,5851.0,1021.313,5.728899955,0,0.0,0,0,0,0,0,0.0,0.0,0.0,0.0,0.0
南部,澎湖縣,馬公市,澎湖縣馬公市,63282.0,33.9918,1861.684289,2,0.316,0,0,0,1,1,0.0,0.0,0.0,0.158,0.158
南部,澎湖縣,湖西鄉,澎湖縣湖西鄉,16131.0,33.3008,484.4027771,0,0.0,0,0,0,0,0,0.0,0.0,0.0,0.0,0.0
南部,澎湖縣,白沙鄉,澎湖縣白沙鄉,10084.0,20.0875,502.0037337,0,0.0,0,0,0,0,0,0.0,0.0,0.0,0.0,0.0
南部,澎湖縣,西嶼鄉,澎湖縣西嶼鄉,8039.0,18.7148,429.553081,0,0.0,0,0,0,0,0,0.0,0.0,0.0,0.0,0.0
南部,澎湖縣,望安鄉,澎湖縣望安鄉,5266.0,13.7824,382.0814952,0,0.0,0,0,0,0,0,0.0,0.0,0.0,0.0,0.0
南部,澎湖縣,七美鄉,澎湖縣七美鄉,3914.0,6.9868,560.1992328,0,0.0,0,0,0,0,0,0.0,0.0,0.0,0.0,0.0
北部,基隆市,中正區,基隆市中正區,51542.0,10.2118,5047.298224,1,0.194,0,0,0,1,0,0.0,0.0,0.0,0.194,0.0
北部,基隆市,七堵區,基隆市七堵區,52169.0,56.2659,927.1868041,1,0.192,0,0,0,0,1,0.0,0.0,0.0,0.0,0.192
北部,基隆市,暖暖區,基隆市暖暖區,38462.0,22.8283,1684.838556,0,0.0,0,0,0,0,0,0.0,0.0,0.0,0.0,0.0
北部,基隆市,仁愛區,基隆市仁愛區,39689.0,4.2335,9374.985237,1,0.252,0,0,0,1,0,0.0,0.0,0.0,0.252,0.0
北部,基隆市,中山區,基隆市中山區,45556.0,10.5238,4328.854596,0,0.0,0,0,0,0,0,0.0,0.0,0.0,0.0,0.0
北部,基隆市,安樂區,基隆市安樂區,79850.0,18.025,4429.958391,2,0.25,0,0,0,1,1,0.0,0.0,0.0,0.125,0.125
北部,基隆市,信義區,基隆市信義區,52568.0,10.6706,4926.433378,0,0.0,0,0,0,0,0,0.0,0.0,0.0,0.0,0.0
北部,新竹市,東區,新竹市東區,222219.0,33.5768,6618.230445,24,1.08,1,0,1,13,9,0.045,0.0,0.045,0.585,0.405
北部,新竹市,北區,新竹市北區,153915.0,15.7267,9786.85929,6,0.39,0,0,0,4,2,0.0,0.0,0.0,0.26,0.13
北部,新竹市,香山區,新竹市香山區,79606.0,54.8491,1451.363833,0,0.0,0,0,0,0,0,0.0,0.0,0.0,0.0,0.0
南部,嘉義市,東區,嘉義市東區,116567.0,30.1556,3865.517516,6,0.515,0,0,0,6,0,0.0,0.0,0.0,0.515,0.0
南部,嘉義市,西區,嘉義市西區,145025.0,29.87,4855.205892,9,0.621,1,0,0,5,3,0.069,0.0,0.0,0.345,0.207
未涵蓋,金門縣,金城鎮,金門縣金城鎮,40998.0,21.713,1888.177589,0,0.0,0,0,0,0,0,0.0,0.0,0.0,0.0,0.0
未涵蓋,金門縣,金湖鎮,金門縣金湖鎮,30545.0,41.696,732.5642748,0,0.0,0,0,0,0,0,0.0,0.0,0.0,0.0,0.0
未涵蓋,金門縣,金沙鎮,金門縣金沙鎮,19840.0,41.19,481.6703083,0,0.0,0,0,0,0,0,0.0,0.0,0.0,0.0,0.0
未涵蓋,金門縣,金寧鄉,金門縣金寧鄉,35287.0,29.854,1181.985664,0,0.0,0,0,0,0,0,0.0,0.0,0.0,0.0,0.0
未涵蓋,金門縣,烈嶼鄉,金門縣烈嶼鄉,12050.0,16.003,752.9838155,0,0.0,0,0,0,0,0,0.0,0.0,0.0,0.0,0.0
未涵蓋,金門縣,烏坵鄉,金門縣烏坵鄉,593.0,1.2,494.1666667,0,0.0,0,0,0,0,0,0.0,0.0,0.0,0.0,0.0
未涵蓋,連江縣,南竿鄉,連江縣南竿鄉,7629.0,10.4,733.5576923,0,0.0,0,0,0,0,0,0.0,0.0,0.0,0.0,0.0
未涵蓋,連江縣,北竿鄉,連江縣北竿鄉,2930.0,9.9,295.959596,0,0.0,0,0,0,0,0,0.0,0.0,0.0,0.0,0.0
未涵蓋,連江縣,莒光鄉,連江縣莒光鄉,1537.0,4.7,327.0212766,0,0.0,0,0,0,0,0,0.0,0.0,0.0,0.0,0.0
未涵蓋,連江縣,東引鄉,連江縣東引鄉,1525.0,3.8,401.3157895,0,0.0,0,0,0,0,0,0.0,0.0,0.0,0.0,0.0
